id,url,parent_id, Status Code, Status, Indexability, Indexability Status, Title 1, Word Count, Hash, Response Time, Last Modified, Redirect URL, Redirect Type
oc03,/about/infooc/news,,200, OK, Indexable,,"Orange County,  California - News Room ",451, 48da1ace637e7bc655e77ebc4a16c6bf,1.713,,, 
oc04,/visitors/bureau,,200, OK, Indexable,,"Orange County,  California - Visitor Bureau by City ",269, 671f9354675ac19d32877f30ff41d956,1.437,,, 
oc05,/about/infooc/links/oc/general,,200, OK, Indexable,,"Orange County,  California - General Information ",278, 90ca778e7fc61dad960cfa2091b7b7b6,1.411,,, 
oc06,/gov,,200, OK, Indexable,,"Orange County,  California - Departments ",896, 300c29c816ae1809a10e58fc8b2497e2,1.378,,, 
oc07,/residents,,200, OK, Indexable,,"Orange County,  California - Residents ",861, 3c1811fed23f49f91e6a163bfea04fb3,1.379,,, 
oc08,/about/infooc/links/oc/coc,,200, OK, Indexable,,"Orange County,  California - Chambers of Commerce ",396, 9a6de1cfbf4f228c87a58aaf754247c4,1.391,,, 
oc09,/visitors,,200, OK, Indexable,,"Orange County,  California - Visitors ",333, 62c0aa9e881eca1e98fd965afac402f,1.591,,, 
oc10,/contact,,200, OK, Indexable,,"Orange County,  California - Contact Us ",267, ff10201214f15234ef489a3224509d96,1.094,,, 
oc11,/contact/accessibility,,200, OK, Indexable,,"Orange County,  California - Accessibility ",578, 6a748d9f8842cadf4827ba72c523d9c1,1.199,,, 
oc12,/about/infooc/facts,,200, OK, Indexable,,"Orange County,  California - Facts & Figures ",392, ac9382c2ee1b5fc1c01c2b775efb7597,1.213,,, 
oc13,/about/infooc/links/oc/agencies,,200, OK, Indexable,,"Orange County,  California - Related Government Agencies ",284, bc457746f8cf26e3c00aafcfa960b5c0,1.063,,, 
oc14,/howdoi,,200, OK, Indexable,,"Orange County,  California - How Do I ",229, 4f08b50a0f5033fe80f3968bdff38ef,0.708,,, 
oc15,/about/infooc/employees,,200, OK, Indexable,,"Orange County,  California - Employee Compensation & Employment Contracts ",412, 71b6621b178e99e914c8ccef91bc3f77,1.476,,, 
oc16,/services,,200, OK, Indexable,,"Orange County,  California - Services ",595, 97ef5e9bd1829ca53b214b7eaa96f589,1.137,,, 
oc17,/about/infooc/links/oc/colleges,,200, OK, Indexable,,"Orange County,  California - Colleges & Universities ",327, d057d6189189b306c762c2a31f7a19c3,0.883,,, 
oc18,/about,,200, OK, Indexable,,"Orange County,  California - About the County ",439, b462af20c3b4958a20b4574eb3e71c64,0.914,,, 
oc19,/contact/sitemap,,200, OK, Indexable,,"Orange County,  California - Site Map ",219, a19e502110b523fce12c1b869318837d,1.416,,, 
oc20,/contact/disclaimer,,200, OK, Indexable,,"Orange County,  California - Disclaimer ",667, 925bb114356c908f9da89fd04980e074,0.986,,, 
oc21,/business,,200, OK, Indexable,,"Orange County,  California - Business ",469, 9814b1c4143a7fdfbda789d75aca424f,1.392,,, 
oc22,/contact/use,,200, OK, Indexable,,"Orange County,  California - Acceptable Use ",807, 6e78b0714a9d8fe0844eabbb87ab7cd8,1.514,,, 
oc23,/about/infooc/links/oc/occities,,200, OK, Indexable,,"Orange County,  California - Orange County Cities ",353, 36b70f33e5ddd6de3e066a5a050819bc,1.659,,, 
oc24,/business/permits/business,,200, OK, Indexable,,"Orange County,  California - Apply for a Business License ",420, f1f60b50914836719d6643ba60f0306a,1.387,,, 
oc25,/news/2020,,200, OK, Indexable,,"Orange County,  California - 2020 ",2454, 983c300ecd4496a99a85e97fd0d87d7d,1.16,,, 
oc26,/about/infooc,,200, OK, Indexable,,"Orange County,  California - Info OC ",407, 4d4674ce5e81ae57390fc36ae7df5b4d,1.686,,, 
oc27,/news/2019,,200, OK, Indexable,,"Orange County,  California - 2019 ",7140, 9e440efa65b5f0140f5edd5fb0b2d07f,1.889,,, 
oc28,/news/2018,,200, OK, Indexable,,"Orange County,  California - 2018 ",7439, c9bd72c0f7d3fb4f4b0e3de65adbbb9f,1.931,,, 
oc29,/news/2017,,200, OK, Indexable,,"Orange County,  California - 2017 ",10169, de9889440f0d899a65d7b241116acb79,2.205,,, 
oc30,/news/2013,,200, OK, Indexable,,"Orange County,  California - 2013 ",3396, f2f94df66e918e7720b5018e17e09890,1.494,,, 
oc31,/news/2014,,200, OK, Indexable,,"Orange County,  California - 2014 ",4169, f616733ffa64bb3dc5f90a55640648f6,1.626,,, 
oc32,/about/infooc/news/ctyconnect/archives,,200, OK, Indexable,,"Orange County,  California - Newsletter Archives ",1247, e922f3dd6c539f2f1be4d0d2f3c2b974,3.524,,, 
oc33,/about/infooc/news/social_media_hub,,200, OK, Indexable,,,0, a762d4176cc3ba153574040e94dd0d1,0.224,,, 
oc34,/about/infooc/news/press,,200, OK, Indexable,,"Orange County,  California - Press Releases ",2650, dd421ca29c555683699536c7b8870206,2.035,,, 
oc35,/about/infooc/news/press/1997,,200, OK, Indexable,,"Orange County,  California - 1997 ",798, 7286c455b917ed2d7178a919350323f7,1.627,,, 
oc36,/about/infooc/news/press/1999,,200, OK, Indexable,,"Orange County,  California - 1999 ",2306, 75f95d8eccbeb3577c1da4a6809ac1c2,1.935,,, 
oc37,/about/infooc/news/pub,,200, OK, Indexable,,"Orange County,  California - Publications ",333, d14ee3b17dd63c98b1b286388d4c6b73,1.481,,, 
oc38,/about/infooc/news/press/2019,,200, OK, Indexable,,"Orange County,  California - 2019 ",1299, 8ac7a774447eba28209f49e863ac08c3,1.218,,, 
oc39,/about/infooc/news/press/2018,,200, OK, Indexable,,"Orange County,  California - 2018 ",2642, bd7589c978f7668887a0dc609de72fdd,1.198,,, 
oc40,/about/infooc/news/press/2011,,200, OK, Indexable,,"Orange County,  California - 2011 ",1184, 81e2dd3fd74f27ebc96c600d6895bd80,2.215,,, 
oc41,/about/infooc/news/press/2015,,200, OK, Indexable,,"Orange County,  California - 2015 ",2618, af019ea9369b10fa4c4e26a614732f97,2.049,,, 
oc42,/about/infooc/news/press/2016,,200, OK, Indexable,,"Orange County,  California - 2016 ",4412, e52db1e5934e6c7c5ff2f007be2fdf3,1.621,,, 
oc43,/about/infooc/news/press/2013,,200, OK, Indexable,,"Orange County,  California - 2013 ",1635, bb3e5de37c8127eb23dfc55cd22b8de7,2.181,,, 
oc44,/about/infooc/news/press/2014,,200, OK, Indexable,,"Orange County,  California - 2014 ",2844, 37c13aeb73abec7199a6e182f8613f0e,2.082,,, 
oc45,/about/infooc/news/press/2000,,200, OK, Indexable,,"Orange County,  California - 2000 ",4409, f553d0857a065b2f66a12713d1e2d032,2.102,,, 
oc46,/about/infooc/news/press/2001,,200, OK, Indexable,,"Orange County,  California - 2001 ",2618, bc2b38b4e150065d833cca1e3ab4c20f,1.815,,, 
oc47,/about/infooc/news/press/2006,,200, OK, Indexable,,"Orange County,  California - 2006 ",815, 627662a63e690f1c68d34229c1523f09,1.645,,, 
oc48,/about/infooc/news/press/2008,,200, OK, Indexable,,"Orange County,  California - 2008 ",1865, bf69a2d1a4f240e6624ace2c2c9a873,1.943,,, 
oc49,/about/infooc/news/press/2004,,200, OK, Indexable,,"Orange County,  California - 2004 ",960, abe24752c1aa118a3fb34f3c52da403f,1.997,,, 
oc50,/about/infooc/news/press/2005,,200, OK, Indexable,,"Orange County,  California - 2005 ",1130, ad2a10287d63ae06e86fbe0104e922cf,1.942,,, 
oc51,/about/infooc/news/press/2002,,200, OK, Indexable,,"Orange County,  California - 2002 ",888, 578be9b3ed9232159acf31a514c384ef,1.911,,, 
oc52,/about/infooc/news/press/2003,,200, OK, Indexable,,"Orange County,  California - 2003 ",1407, cd095491467d0eb0d370438edbb2e7d,1.608,,, 
oc53,/about/infooc/news/press/2020,,200, OK, Indexable,,"Orange County,  California - 2020 ",781, a659f90c34ff28a80275a5b34b946c50,1.248,,, 
oc54,/contact/connect,,200, OK, Indexable,,"Orange County,  California - Connect with OC ",322, 2f73382715a0977648b3f9049acfe3e2,0.899,,, 
oc55,/contact/social,,200, OK, Indexable,,"Orange County,  California - Social Media Disclaimer ",633, b52b85b12ea789fd0e993d364e9c0a19,1.499,,, 
oc56,/about/infooc/census2020/resources_n_toolkit,,200, OK, Indexable,,"Orange County,  California - Resources & Toolkit ",272, 64209aa58c9c325c21f55b3cd911f582,0.806,,, 
oc57,/about/emergency,,200, OK, Indexable,,"Orange County,  California - Emergency ",462, f72ca6d6a2b2abd67fb477bb51557a8c,0.985,,, 
oc58,/residents/voting/register,,200, OK, Indexable,,"Orange County,  California - Register to Vote ",501, 9a42b0b08f342ff1ca12d02353ca6ea4,1.458,,, 
oc59,/residents/education,,200, OK, Indexable,,"Orange County,  California - Education ",275, 40976a54ad0eb980a89efd3de1e8e996,1.676,,, 
oc60,/services/animal/parks,,200, OK, Indexable,,"Orange County,  California - Pet Friendly Parks ",302, 9c1804b7c090ba8a7f048705060c5fdb,1.437,,, 
oc61,/news/displaynews?NewsID=5619,,200, OK, Indexable,,"Orange County,  California - News Details ",524, 80beb278ad337c9f31f8550871e9749c,1.29,,, 
oc62,/about/infooc/census2020/structure_n_governance_,,200, OK, Indexable,,"Orange County,  California - Structure & Governance ",215, 526451e11f92730a6d94dbeb6878f6c4,0.867,,, 
oc63,/about/infooc/census2020,,200, OK, Indexable,,"Orange County,  California - Census 2020 ",462, 32b9a8f540c5137be8190f7a21eb4966,0.864,,, 
oc64,/residents/law/inmates,,200, OK, Indexable,,"Orange County,  California - Inmate Information ",314, a371d2e67a34602f205ba271c8681405,1.301,,, 
oc65,/about/emergency/assistance/shelters,,200, OK, Indexable,,"Orange County,  California - Shelters ",357, a134054345ce399f6b80654b3afea86,1.901,,, 
oc66,/howdoi/payformain,,200, OK, Indexable,,"Orange County,  California - Pay for (main) ",237, 796f3e0cf5eb7e6b244804b286e2f8f1,0.495,,, 
oc67,/news/displaynews?NewsID=5689,,200, OK, Indexable,,"Orange County,  California - News Details ",504, 2a3355387b85625b4f2a86844ea3ba66,1.704,,, 
oc68,/residents/health/abuse,,200, OK, Indexable,,"Orange County,  California - Abuse Information & Services ",385, 67e1c0d864dd3c2fe8c75710ccf8e41c,2.1,,, 
oc69,/residents/health/seniors,,200, OK, Indexable,,"Orange County,  California - Care for Seniors & Disabled ",369, d809079a91048d954aa581d66d57a88,1.558,,, 
oc70,/about/buildingmap,,200, OK, Indexable,,"Orange County,  California - County Facilities Map ",684, 68d15ffac5d125cdc819a34cce60d3d4,9.752,,, 
oc71,/residents/gov/info,,200, OK, Indexable,,"Orange County,  California - General Information ",304, e88939edb1b7144a03d1cfaa2e818a44,1.992,,, 
oc72,/business/startup,,200, OK, Indexable,,"Orange County,  California - Starting a Business ",349, cab62f398d373e9efc2e24c9fccb39e2,1.794,,, 
oc73,/residents/taxes/sftax,,200, OK, Indexable,,"Orange County,  California - State & Federal Tax Information ",336, 32b0796500c06c2722710fc977d28793,1.946,,, 
oc74,/residents/communities,,200, OK, Indexable,,"Orange County,  California - Communities & Neighborhoods ",323, 8e92bdeb20fe35c649458f3be0ee3f54,1.557,,, 
oc75,/residents/environment,,200, OK, Indexable,,"Orange County,  California - Protecting Our Environment ",331, a6922ac3939ca7e2b941a9077ccc10b5,1.242,,, 
oc76,/services/homeless,,200, OK, Indexable,,"Orange County,  California - Homeless Services ",534, a3d3bc0d85ad15a6ba72d34b1d41d1f4,2.032,,, 
oc77,/about/emergency/medical,,200, OK, Indexable,,"Orange County,  California - Medical Emergencies ",273, ba0297f20bd558733f52ea806f5ddfee,1.842,,, 
oc78,/services/cert,,200, OK, Indexable,,"Orange County,  California - Certificates,  Registration & Licenses ",265, 5107353eebcf19a63b37ae1b59de7ff5,1.758,,, 
oc79,/residents/law,,200, OK, Indexable,,"Orange County,  California - Law & Justice ",549, bcb89fdda21c6187a4bb7f2ced7c7bab,2.168,,, 
oc80,/about/infooc/photocontest17,,200, OK, Indexable,,"Orange County,  California - Photo Contest ",1135, 76c74f4448632e7aef5cd256ad07ee10,0.454,,, 
oc81,/residents/gov/grandjury,,200, OK, Indexable,,"Orange County,  California - Grand Jury Participation ",495, 8700eaec18938e15523d804d6e210059,2.246,,, 
oc82,/about/infooc/links/ca,,200, OK, Indexable,,"Orange County,  California - State of California Links ",293, 6f56205bd3cdfa921ed6da26bfe70442,1.428,,, 
oc83,/about/emergency/wastes,,200, OK, Indexable,,"Orange County,  California - Handling Hazardous Wastes & Materials ",382, 504358403991e60e245af57173dd7d8f,1.073,,, 
oc84,/about/infooc/links/gov,,200, OK, Indexable,,"Orange County,  California - Government Links ",325, 8bdd58cf0c8c1fb193a6221439cb5731,2.008,,, 
oc85,/services/animal/control,,200, OK, Indexable,,"Orange County,  California - Animal Control ",361, 30476067dd9194849d4db8194993a6e,1.906,,, 
oc86,/residents/health,,200, OK, Indexable,,"Orange County,  California - Health ",396, c6ebf9d9f9e3aef7b5a148b6cd44d4d9,1.874,,, 
oc87,/residents/taxes/filetaxes,,200, OK, Indexable,,"Orange County,  California - File Your Income Taxes ",301, eb1e5681e59a3c42c2d089e1ec8be70a,2.231,,, 
oc88,/about/infooc/links/oc/water,,200, OK, Indexable,,"Orange County,  California - Water Districts ",375, 7f80662359afdd6296996414c68429b7,1.616,,, 
oc89,/about/openoc/opad_reports,,200, OK, Indexable,,"Orange County,  California - Performance Audit Director Reports ",482, 96bc7e250d9d42e8023f929b764915e1,0.895,,, 
oc90,/business/permits,,200, OK, Indexable,,"Orange County,  California - Permits & Licensing ",345, 3459e54ae0bfe3a601cb25158f1ee074,1.464,,, 
oc91,/about/infooc/links/oc/fed,,200, OK, Indexable,,"Orange County,  California - Federal Government ",312, e522abe30fabccf588f8e46b6f46e83e,1.429,,, 
oc92,/residents/law/traffic,,200, OK, Indexable,,"Orange County,  California - Traffic Tickets & Information ",388, 7eec7595631b3cb438b30a5522adeb5c,1.561,,, 
oc93,/residents/gov,,200, OK, Indexable,,"Orange County,  California - Government ",354, e2e32c6f6e4daac3d5edd126b84500f4,0.914,,, 
oc94,/business/regulations,,200, OK, Indexable,,"Orange County,  California - Business Laws & Regulations ",280, 8fe2d1575577a0ce505e1c50393d85fd,1.484,,, 
oc95,/residents/gov/stimulus,,200, OK, Indexable,,"Orange County,  California - Stimulus ",475, 3582ce7c529d692ec94446f007940390,1.307,,, 
oc96,/about/infooc/links/oc,,200, OK, Indexable,,"Orange County,  California - Orange County Links ",368, 48ce984e9582c42e610be1e8741b2223,1.618,,, 
oc97,/residents/gov/redistricting,,200, OK, Indexable,,"Orange County,  California - Redistricting ",791, 32ffb14b1a7408cacfd4f48e732dd3cf,1.718,,, 
oc98,/about/infooc/census2020/agendas_board_actions_n_notices,,200, OK, Indexable,,"Orange County,  California - Agendas,  Board Actions & Notices ",322, afaf2cf913b4a983c558881ebbbfd937,0.843,,, 
oc99,/residents/health/mental,,200, OK, Indexable,,"Orange County,  California - Mental Health ",472, a3f98b67d84a6af2ebeb356af37734a3,1.841,,, 
oc100,/about/infooc/facts/indicators,,200, OK, Indexable,,"Orange County,  California - Community Indicators ",383, fe4aac844a2e50cc44c2f69503074b31,1.78,,, 
oc101,/residents/travel,,200, OK, Indexable,,"Orange County,  California - Travel & Transportation ",362, e4a2712e93e66fbb4f412b72052e929b,1.672,,, 
oc102,/residents/marriage,,200, OK, Indexable,,"Orange County,  California - Getting Married ",806, 256a937823705543911357cfbfdb52c8,1.614,,, 
oc103,/visitors/beaches,,200, OK, Indexable,,"Orange County,  California - Beaches & Harbors ",266, 837b8bbf1bbb3e1214756fcd98a6fb15,1.609,,, 
oc104,/residents/movining,,200, OK, Indexable,,"Orange County,  California - Moving to Orange County ",870, ea43615db024edcf39e272544093d7de,1.592,,, 
oc105,/residents/law/safety,,200, OK, Indexable,,"Orange County,  California - Law Enforcement,  Fire & Public Safety ",363, e3db6e68cbbb3eb2a875deeff10c3a67,1.575,,, 
oc106,/about/infooc/oc125,,200, OK, Indexable,,"Orange County,  California - OC's 125th Birthday ",504, 641698aa8e36bbc59b701f0e08574e0,2.613,,, 
oc107,/about/emergency/eui,,200, OK, Indexable,,"Orange County,  California - Emergency Utility Information ",400, 385c0e519e39cdb6b5d30cbecba8a0e,1.611,,, 
oc108,/about/emergency/preparation,,200, OK, Indexable,,"Orange County,  California - Prevention & Preparation ",438, bf3d47956797e399d72e53bbbc773da,1.699,,, 
oc109,/about/emergency/terrorism,,200, OK, Indexable,,"Orange County,  California - War & Terrorism ",371, 518dda1dc136abe940916dd874a25fb8,1.234,,, 
oc110,/about/infooc/intouch/directory,,200, OK, Indexable,,"Orange County,  California - OC Directory ",1777, 516b494249bc2c7c594029322e816d9d,1.569,,, 
oc111,/residents/law/facilities,,200, OK, Indexable,,"Orange County,  California - Correctional Facilities ",411, 8984601554559394aa4a2a072406b8db,1.276,,, 
oc112,/howdoi/learnaboutmain,,200, OK, Indexable,,"Orange County,  California - Learn About (main) ",235, b1da661ee9d9ce9dcb90a065b9f44436,0.919,,, 
oc113,/residents/mccp,,200, OK, Indexable,,"Orange County,  California - Mortgage Credit Certificate Program ",786, 44b581adfe717a9541f139c874899fb2,1.864,,, 
oc114,/howdoi/getacopyofmain,,200, OK, Indexable,,"Orange County,  California - Get a Copy of (main) ",235, 53bf5790ffd3fb36709421ae14fb77e2,0.954,,, 
oc115,/residents/law/resources,,200, OK, Indexable,,"Orange County,  California - Legal Resources ",517, 34927fa67d0162f6681214925d0a6be,1.764,,, 
oc116,/howdoi/reportmain,,200, OK, Indexable,,"Orange County,  California - Report (main) ",234, a667331768b7d7c6905cdc53e85b728e,0.913,,, 
oc117,/about/emergency/resources,,200, OK, Indexable,,"Orange County,  California - Other Emergency Resources ",254, 444f2300198b51b8edb64d676ad4b90d,2.434,,, 
oc118,/about/openoc,,200, OK, Indexable,,"Orange County,  California - OpenOC ",444, 61576721c905abfb3be15ebc86033ef1,1.837,,, 
oc119,/residents/education/adultedu,,200, OK, Indexable,,"Orange County,  California - Continuing & Adult Education ",296, e8735ad4210a775205fa580646559d54,1.6,,, 
oc120,/about/infooc/intouch,,200, OK, Indexable,,"Orange County,  California - In Touch with the County ",309, 173d3c3b342fbb35d00d6d47faf01f82,1.674,,, 
oc121,/about/infooc/rfps,,200, OK, Indexable,,"Orange County,  California - Request for Proposals ",383, 7ba867f030589c6102fba0fbd2353ed7,0.876,,, 
oc122,/business/bids,,200, OK, Indexable,,"Orange County,  California - Bids,  Auctions & Purchasing ",348, e6abb5be9c99097440c6d6537c7de705,1.701,,, 
oc123,/about/openoc/contracts,,200, OK, Indexable,,"Orange County,  California - Contracts ",945, ec8d55d93c8f99ae73e48d35325ca6e3,1.281,,, 
oc124,/contact/privacy,,200, OK, Indexable,,"Orange County,  California - Privacy Policy ",1449, 33a1cd3ff5c0838648b7046c4190435,1.606,,, 
oc125,/about/emergency/eoc,,200, OK, Indexable,,"Orange County,  California - Emergency Operations Center ",517, 25ed4c8bb9d219d5ebfeee2aadd855f1,1.174,,, 
oc126,/residents/financial,,200, OK, Indexable,,"Orange County,  California - Financial Assistance ",390, 2842f416d092ca0f4a675672d80ebc1c,1.198,,, 
oc127,/howdoi/registermain,,200, OK, Indexable,,"Orange County,  California - Register (main) ",227, 1fd171342969bd99a049f06206386816,0.921,,, 
oc128,/services/animal/search,,200, OK, Indexable,,"Orange County,  California - Animal Shelter Search ",279, bebc85a7f9cf07f398d83e9ee9d3458,1.582,,, 
oc129,/residents/communities/libraries,,200, OK, Indexable,,"Orange County,  California - Library Locations ",310, da41379b1882ce4de579957045549f9b,1.231,,, 
oc130,/business/bids/auctions,,200, OK, Indexable,,"Orange County,  California - Property Auctions ",373, b64b1ab88eb41a4ad065783f99f7c4fb,1.704,,, 
oc131,/residents/health/loss,,200, OK, Indexable,,"Orange County,  California - Coping With Personal Loss ",484, 4811e291608326a58615b0ef6582f1ea,1.259,,, 
oc132,/about/infooc/photocontest17/autumnoc_result,,200, OK, Indexable,,"Orange County,  California - Autumn Orange County Photo Contest Result ",337, e59e095b477881d2cee4de14c68edd8c,0.911,,, 
oc133,/about/infooc/facts/demo,,200, OK, Indexable,,"Orange County,  California - Demographics ",232, 9ea8808852fe6a75b1670265a708b0ad,1.946,,, 
oc134,/services/norss,,200, OK, Indexable,,"Orange County,  California - New or Replacement Social Security ",484, 907d771f7afc88d9df9076400bc0e80,1.779,,, 
oc135,/about/infooc/reports,,200, OK, Indexable,,"Orange County,  California - Initiatives & Reports ",498, 3ea9d7f293afd7f590fb97404e2ee331,1.277,,, 
oc136,/services/fraud,,200, OK, Indexable,,"Orange County,  California - Fraud,  Waste & Abuse ",1001, 6bc5639eddf608ca2c1a83b2413577fe,0.96,,, 
oc137,/about/emergency/assistance,,200, OK, Indexable,,"Orange County,  California - Getting Immediate Assistance ",361, 3a00d3c00dadeab5675919e6806a227c,1.63,,, 
oc138,/services/employment/cityjob,,200, OK, Indexable,,"Orange County,  California - Find a City Job ",376, abb2f2847745eab4018eedda74def0ec,1.31,,, 
oc139,/news/displaynews?NewsID=4471,,200, OK, Indexable,,"Orange County,  California - News Details ",912, 5f1b5f131d2711c2daff53b58caaf193,1.239,,, 
oc140,/residents/gov/laws,,200, OK, Indexable,,"Orange County,  California - Laws & Regulations ",236, 56a9c79c48f266899d4f3595078a130c,1.375,,, 
oc141,/about/infooc/photocontest17/summeroc_result,,200, OK, Indexable,,"Orange County,  California - ""Summer Orange County” Photo Contest Result ",337, da36c6fd0506247ba378d74e22a7292,1.146,,, 
oc142,/news/displaynews?NewsID=4503&TargetID=1,,200, OK, Indexable,,"Orange County,  California - News Details ",415, 615e9c7039bbbe49abb1181dbbf2832a,1.865,,, 
oc143,/about/infooc/news/press/details?NewsID=1086&TargetID=93,,200, OK, Indexable,,"Orange County,  California - Press Releases ",758, 8343c82e4f37b8644dea925f3a753014,1.63,,, 
oc144,/about/infooc/news/press/details?NewsID=1044&TargetID=93,,200, OK, Indexable,,"Orange County,  California - Press Releases ",295, ae93320a6700497312ee34aa06d3dc30,2.105,,, 
oc145,/about/infooc/news/press/details?NewsID=893&TargetID=93,,200, OK, Indexable,,"Orange County,  California - Press Releases ",634, db31c11a42a692c2c1fec73d77654587,1.018,,, 
oc146,/about/infooc/news/press/details?NewsID=899&TargetID=93,,200, OK, Indexable,,"Orange County,  California - Press Releases ",501, 9277e24a3b3f2eabec4f831ec1f5cef9,1.302,,, 
oc147,/about/infooc/news/press/details?NewsID=1084&TargetID=93,,200, OK, Indexable,,"Orange County,  California - Press Releases ",405, 480107eaab6d2a61ad16b8108ad85888,1.44,,, 
oc148,/about/infooc/news/press/details?NewsID=1042&TargetID=93,,200, OK, Indexable,,"Orange County,  California - Press Releases ",476, e59d2fffca86e132f4210ebfe065f524,1.426,,, 
oc149,/about/infooc/news/press/details?NewsID=927&TargetID=93,,200, OK, Indexable,,"Orange County,  California - Press Releases ",427, 4904d07d3efcc597fd1ddfc332d80790,1.289,,, 
oc150,/about/infooc/news/press/details?NewsID=1022&TargetID=93,,200, OK, Indexable,,"Orange County,  California - Press Releases ",572, 98da1a8150ab5eb53ed9689d2777f3d,1.241,,, 
oc151,/about/infooc/news/pub/bosbrochure,,200, OK, Indexable,,"Orange County,  California - Your Board of Supervisors ",228, d02f2b0d168708a59126ac999c53d2b5,1.384,,, 
oc152,/news/displaynews?NewsID=4502&TargetID=1,,200, OK, Indexable,,"Orange County,  California - News Details ",537, 4486155d0796d6965fbb6d2007f3ace0,1.131,,, 
oc153,/about/infooc/news/press/details?NewsID=1019&TargetID=93,,200, OK, Indexable,,"Orange County,  California - Press Releases ",427, 2e52f6331b54b93591bb3df4d53676e,0.997,,, 
oc154,/news/displaynews?NewsID=4847&TargetID=1,,200, OK, Indexable,,"Orange County,  California - News Details ",366, 4d1a314cfe8300a223294705b176562a,0.98,,, 
oc155,/about/infooc/news/press/details?NewsID=1011&TargetID=93,,200, OK, Indexable,,"Orange County,  California - Press Releases ",646, 7ed789750ffdc3935e3a76fbb144269,1.064,,, 
oc156,/about/infooc/news/press/details?NewsID=882&TargetID=93,,200, OK, Indexable,,"Orange County,  California - Press Releases ",679, a98e448497ed8e7f7530937d4b910e6a,1.107,,, 
oc157,/about/infooc/news/press/details?NewsID=905&TargetID=93,,200, OK, Indexable,,"Orange County,  California - Press Releases ",608, b48f3c7edac6898fe127dfe821726839,1.158,,, 
oc158,/about/infooc/news/press/details?NewsID=947&TargetID=93,,200, OK, Indexable,,"Orange County,  California - Press Releases ",683, 802674b376847da26bf0e63817341cd6,1.18,,, 
oc159,/about/infooc/news/press/details?NewsID=958&TargetID=93,,200, OK, Indexable,,"Orange County,  California - Press Releases ",480, cd6dbb641afb777a82e307eb625f2efb,1.275,,, 
oc160,/news/displaynews?NewsID=4523&TargetID=1,,200, OK, Indexable,,"Orange County,  California - News Details ",815, c6e79fcd5d0afd50c12abbb96b9d7504,1.294,,, 
oc161,/about/infooc/news/press/details?NewsID=916&TargetID=93,,200, OK, Indexable,,"Orange County,  California - Press Releases ",793, 7875da2159503b4097dab5444668497a,1.319,,, 
oc162,/about/infooc/news/press/details?NewsID=975&TargetID=93,,200, OK, Indexable,,"Orange County,  California - Press Releases ",508, 837b11eec38ec8f2064a4af43cebe32a,1.425,,, 
oc163,/about/infooc/news/press/details?NewsID=879&TargetID=93,,200, OK, Indexable,,"Orange County,  California - Press Releases ",609, edb51a5d1679e86da4256c8d79370dd7,1.36,,, 
oc164,/about/infooc/news/press/details?NewsID=871&TargetID=93,,200, OK, Indexable,,"Orange County,  California - Press Releases ",651, 90c44de586f9558e2487d3550793268,1.499,,, 
oc165,/about/infooc/news/press/details?NewsID=950&TargetID=93,,200, OK, Indexable,,"Orange County,  California - Press Releases ",383, 50eabaa2f993abedac4136147646ac4c,1.465,,, 
oc166,/about/infooc/news/press/details?NewsID=967&TargetID=93,,200, OK, Indexable,,"Orange County,  California - Press Releases ",801, 896e9fcad7071baf81e000c332ca68e1,1.749,,, 
oc167,/about/infooc/news/ctyconnect,,200, OK, Indexable,,"Orange County,  California - County Connection Newsletter ",291, 2b07761eb11cd17da78be6f0a8bb7e4c,1.627,,, 
oc168,/about/infooc/news/press/details?NewsID=969&TargetID=93,,200, OK, Indexable,,"Orange County,  California - Press Releases ",811, cb496ee9f80224ad7cb6df6e237884a9,1.563,,, 
oc169,/news?NewsID=2332&TargetID=1,,200, OK, Indexable,,"Orange County,  California - News ",2453, 5181257caffdda0378604b3e4762004e,1.758,,, 
oc170,/about/infooc/news/press/details?NewsID=963&TargetID=93,,200, OK, Indexable,,"Orange County,  California - Press Releases ",363, 4f081277bba32dbe44386b4ec70c1e23,1.409,,, 
oc171,/about/infooc/news/press/details?NewsID=966&TargetID=93,,200, OK, Indexable,,"Orange County,  California - Press Releases ",855, 690ddebe411aabb8070a0c4da0d3c3e1,0.95,,, 
oc172,/about/infooc/news/press/details?NewsID=964&TargetID=93,,200, OK, Indexable,,"Orange County,  California - Press Releases ",518, 290d42f759e3376d938bf99a222df19f,1.222,,, 
oc173,/about/infooc/news/press/details?NewsID=849&TargetID=93,,200, OK, Indexable,,"Orange County,  California - Press Releases ",499, 2b8275e6cab8dbec694726dbc9b515b5,1.296,,, 
oc174,/about/infooc/news/press/details?NewsID=845&TargetID=93,,200, OK, Indexable,,"Orange County,  California - Press Releases ",613, 8371df2c0d753e05bc627e650591ece5,1.561,,, 
oc175,/about/infooc/news/press/details?NewsID=867&TargetID=93,,200, OK, Indexable,,"Orange County,  California - Press Releases ",424, e55a16277f7f8d1001cd397a4a265424,1.456,,, 
oc176,/about/infooc/news/press/details?NewsID=848&TargetID=93,,200, OK, Indexable,,"Orange County,  California - Press Releases ",447, bb5b469c93c1e22b36393e0b8a21333b,1.311,,, 
oc177,/about/infooc/news/press/details?NewsID=861&TargetID=93,,200, OK, Indexable,,"Orange County,  California - Press Releases ",408, a8c4336412848dfde4f41f9afc69b42b,1.266,,, 
oc178,/about/infooc/news/press/details?NewsID=846&TargetID=93,,200, OK, Indexable,,"Orange County,  California - Press Releases ",717, 3650e2bc129fb25002ffe4bfd01ef973,0.814,,, 
oc179,/about/infooc/news/press/details?NewsID=868&TargetID=93,,200, OK, Indexable,,"Orange County,  California - Press Releases ",524, 82a53db610a9bd95fb3b6cbb6ac94399,1.101,,, 
oc180,/about/infooc/news/press/details?NewsID=982&TargetID=93,,200, OK, Indexable,,"Orange County,  California - Press Releases ",463, f5c6642c3cd1adc36e51063c3f0a8128,1.227,,, 
oc181,/about/infooc/news/press/details?NewsID=864&TargetID=93,,200, OK, Indexable,,"Orange County,  California - Press Releases ",269, 290556271920f9f2832d1b9c46772dd1,0.939,,, 
oc182,/about/infooc/news/press/details?NewsID=960&TargetID=93,,200, OK, Indexable,,"Orange County,  California - Press Releases ",472, 946a51e7bde06363585363a3a12729ed,1.28,,, 
oc183,/about/infooc/news/press/details?NewsID=842&TargetID=93,,200, OK, Indexable,,"Orange County,  California - Press Releases ",531, 7fce0bbe4fcb4ea6353828013203aa67,1.435,,, 
oc184,/about/infooc/news/press/details?NewsID=843&TargetID=93,,200, OK, Indexable,,"Orange County,  California - Press Releases ",329, 1b67fcc9b2fa964f249c3bf0ab065fff,1.43,,, 
oc185,/about/infooc/news/press/details?NewsID=1006&TargetID=93,,200, OK, Indexable,,"Orange County,  California - Press Releases ",360, 6b843ed0e80e35b4bffd40f4ffabe264,1.211,,, 
oc186,/about/infooc/news/press/details?NewsID=988&TargetID=93,,200, OK, Indexable,,"Orange County,  California - Press Releases ",780, 80b73cf97288e4594ef69ac486e156bc,1.55,,, 
oc187,/about/infooc/news/press/details?NewsID=948&TargetID=93,,200, OK, Indexable,,"Orange County,  California - Press Releases ",483, 9ddf8e1ed68513914e68c546b0207435,1.811,,, 
oc188,/about/infooc/news/press/details?NewsID=1000&TargetID=93,,200, OK, Indexable,,"Orange County,  California - Press Releases ",535, d512456bc1c1485fd8234d8b53c9987e,1.264,,, 
oc189,/about/infooc/news/press/details?NewsID=942&TargetID=93,,200, OK, Indexable,,"Orange County,  California - Press Releases ",581, ba1fc14be2372eefcddde163b54255e3,1.244,,, 
oc190,/about/infooc/news/press/details?NewsID=1002&TargetID=93,,200, OK, Indexable,,"Orange County,  California - Press Releases ",569, e8c04b78a46cc61c2619789f491b84b6,1.327,,, 
oc191,/about/infooc/news/press/details?NewsID=944&TargetID=93,,200, OK, Indexable,,"Orange County,  California - Press Releases ",588, 1b3f24b3775ec2de3907c8721b9f6aea,1.406,,, 
oc192,/about/infooc/news/press/details?NewsID=959&TargetID=93,,200, OK, Indexable,,"Orange County,  California - Press Releases ",522, 94ef17a415d7a9bc48a1a3f2f2fceff2,1.46,,, 
oc193,/about/infooc/news/press/details?NewsID=930&TargetID=93,,200, OK, Indexable,,"Orange County,  California - Press Releases ",358, 9526466a887e5c442d14a8e0a43569a5,1.182,,, 
oc194,/about/infooc/news/press/details?NewsID=978&TargetID=93,,200, OK, Indexable,,"Orange County,  California - Press Releases ",570, dda0aceeae9cf28fbe6b8f526dfa7a92,1.307,,, 
oc195,/about/infooc/news/press/details?NewsID=999&TargetID=93,,200, OK, Indexable,,"Orange County,  California - Press Releases ",738, 1e6c7416ee6c0f693227d34477bc606a,1.366,,, 
oc196,/about/infooc/news/press/details?NewsID=974&TargetID=93,,200, OK, Indexable,,"Orange County,  California - Press Releases ",803, 8e012f1ebfade66bb3c6a4d839d1a0a2,1.268,,, 
oc197,/about/infooc/news/press/details?NewsID=838&TargetID=93,,200, OK, Indexable,,"Orange County,  California - Press Releases ",575, b1fce2b41790a95181a0229b8613d570,0.985,,, 
oc198,/about/infooc/news/press/details?NewsID=934&TargetID=93,,200, OK, Indexable,,"Orange County,  California - Press Releases ",412, f7672f4756e506559c43442df93908fa,0.942,,, 
oc199,/about/infooc/news/press/details?NewsID=955&TargetID=93,,200, OK, Indexable,,"Orange County,  California - Press Releases ",424, 46e0def908f67a0b785a97ca322531cf,0.955,,, 
oc200,/about/infooc/news/press/details?NewsID=953&TargetID=93,,200, OK, Indexable,,"Orange County,  California - Press Releases ",411, 6dfe2cba51741380ad112ef5e93e4596,0.99,,, 
oc201,/about/infooc/news/press/details?NewsID=878&TargetID=93,,200, OK, Indexable,,"Orange County,  California - Press Releases ",528, c04851c1169e88f1a16ae7033f96d377,1.341,,, 
oc202,/about/infooc/news/press/details?NewsID=834&TargetID=93,,200, OK, Indexable,,"Orange County,  California - Press Releases ",487, 98386138a7223905d90fb1ba1735c9f6,1.382,,, 
oc203,/about/infooc/news/press/details?NewsID=872&TargetID=93,,200, OK, Indexable,,"Orange County,  California - Press Releases ",683, fe3bcf7898fbaa66c2e6efe8cd32a30f,1.284,,, 
oc204,/about/infooc/news/press/details?NewsID=859&TargetID=93,,200, OK, Indexable,,"Orange County,  California - Press Releases ",501, b466b557dcf91354ccceaf87b654d8f6,1.342,,, 
oc205,/about/infooc/news/press/details?NewsID=857&TargetID=93,,200, OK, Indexable,,"Orange County,  California - Press Releases ",457, 104a5af1d7abfb8ff6543e645b6a076c,1.493,,, 
oc206,/about/infooc/news/press/details?NewsID=1021&TargetID=93,,200, OK, Indexable,,"Orange County,  California - Press Releases ",694, b59ed922a011586725ef59b8ae7ee0d9,1.377,,, 
oc207,/about/infooc/news/press/details?NewsID=993&TargetID=93,,200, OK, Indexable,,"Orange County,  California - Press Releases ",522, 9b23411e02297c77722ffb9dcbc39ea6,1.448,,, 
oc208,/about/infooc/news/press/details?NewsID=853&TargetID=93,,200, OK, Indexable,,"Orange County,  California - Press Releases ",360, 738fbdb5697b92396b424a0af41414e0,1.307,,, 
oc209,/about/infooc/news/press/details?NewsID=832&TargetID=93,,200, OK, Indexable,,"Orange County,  California - Press Releases ",473, 13211ba5ce9056125eadef9a6f65e5bf,1.526,,, 
oc210,/about/infooc/news/press/details?NewsID=890&TargetID=93,,200, OK, Indexable,,"Orange County,  California - Press Releases ",548, d7327bc9785854f637e319e64074f545,1.347,,, 
oc211,/about/infooc/news/press/details?NewsID=891&TargetID=93,,200, OK, Indexable,,"Orange County,  California - Press Releases ",730, bf31e4f0b8deddf720094977da97c2b3,1.448,,, 
oc212,/about/infooc/news/press/details?NewsID=920&TargetID=93,,200, OK, Indexable,,"Orange County,  California - Press Releases ",579, 6d9708f0a51b209b052e044fe947072a,1.551,,, 
oc213,/about/infooc/news/press/details?NewsID=918&TargetID=93,,200, OK, Indexable,,"Orange County,  California - Press Releases ",1128, 4c89b03402624c2752d8ba4575f1e6ee,0.892,,, 
oc214,/about/infooc/news/press/details?NewsID=929&TargetID=93,,200, OK, Indexable,,"Orange County,  California - Press Releases ",639, 118631321ad97416f0db2e3ffcdfe3e5,0.939,,, 
oc215,/about/infooc/news/press/details?NewsID=1017&TargetID=93,,200, OK, Indexable,,"Orange County,  California - Press Releases ",552, 3b9fe7fb8f75a58efe3611db75f301e5,1.458,,, 
oc216,/about/infooc/news/press/details?NewsID=1039&TargetID=93,,200, OK, Indexable,,"Orange County,  California - Press Releases ",448, df77b6f1266b719d2145ac48e0745057,1.293,,, 
oc217,/about/infooc/news/press/details?NewsID=787&TargetID=93,,200, OK, Indexable,,"Orange County,  California - Press Releases ",514, 441c2394bdedbf9943a7b33553175f92,1.393,,, 
oc218,/about/infooc/news/press/details?NewsID=1038&TargetID=93,,200, OK, Indexable,,"Orange County,  California - Press Releases ",790, dc14ff4f908443ba7ac57f381d54b94a,1.499,,, 
oc219,/about/infooc/news/press/details?NewsID=1013&TargetID=93,,200, OK, Indexable,,"Orange County,  California - Press Releases ",346, 2c3febaaa67499049f7ea3844c14cbb2,1.128,,, 
oc220,/about/infooc/news/press/details?NewsID=1014&TargetID=93,,200, OK, Indexable,,"Orange County,  California - Press Releases ",559, 94a882b63a7db4fc2b0048e0976a1e67,1.289,,, 
oc221,/about/infooc/news/press/details?NewsID=880&TargetID=93,,200, OK, Indexable,,"Orange County,  California - Press Releases ",489, 576a3430012cc9832c2cba0b0f11ee55,1.394,,, 
oc222,/about/infooc/news/press/details?NewsID=824&TargetID=93,,200, OK, Indexable,,"Orange County,  California - Press Releases ",434, e077174a7cef9d52372dec1d7fb5895e,1.283,,, 
oc223,/about/infooc/news/press/details?NewsID=883&TargetID=93,,200, OK, Indexable,,"Orange County,  California - Press Releases ",504, 6b0559f094c6a87ec5404565bdcfcaa7,1.401,,, 
oc224,/about/infooc/news/press/details?NewsID=1010&TargetID=93,,200, OK, Indexable,,"Orange County,  California - Press Releases ",786, 71ad8751362166408375f6f0635cec1a,1.093,,, 
oc225,/about/infooc/news/press/details?NewsID=907&TargetID=93,,200, OK, Indexable,,"Orange County,  California - Press Releases ",720, 7729f30593975c6668a72d0bb8233271,1.076,,, 
oc226,/about/infooc/news/press/details?NewsID=945&TargetID=93,,200, OK, Indexable,,"Orange County,  California - Press Releases ",707, 4125809abfdf5f0e64dd2afad296c714,1.079,,, 
oc227,/about/infooc/news/press/details?NewsID=941&TargetID=93,,200, OK, Indexable,,"Orange County,  California - Press Releases ",569, 1dc8297ae2df0031264fbca2457ec98a,1.471,,, 
oc228,/news/displaynews?NewsID=4507&TargetID=1,,200, OK, Indexable,,"Orange County,  California - News Details ",541, 11cd6745df41e1b0a2a2726279762f0d,0.983,,, 
oc229,/news/displaynews?NewsID=4848&TargetID=1,,200, OK, Indexable,,"Orange County,  California - News Details ",364, ef03dd1924696913e31e6165a38724eb,1.203,,, 
oc230,/about/infooc/news/press/details?NewsID=1003&TargetID=93,,200, OK, Indexable,,"Orange County,  California - Press Releases ",591, f4dcde0926b5d1ea141146c9f7c13e26,1.351,,, 
oc231,/about/infooc/news/press/details?NewsID=956&TargetID=93,,200, OK, Indexable,,"Orange County,  California - Press Releases ",424, 79577d1b2ebf02e556895eae601b634,1.636,,, 
oc232,/about/infooc/news/press/details?NewsID=952&TargetID=93,,200, OK, Indexable,,"Orange County,  California - Press Releases ",437, 69a2a4f232ec8b94c436950214ea01cd,1.022,,, 
oc233,/about/infooc/news/press/details?NewsID=931&TargetID=93,,200, OK, Indexable,,"Orange County,  California - Press Releases ",326, 594fc07c47483984674aa1343777e17d,2.053,,, 
oc234,/about/infooc/news/press/details?NewsID=977&TargetID=93,,200, OK, Indexable,,"Orange County,  California - Press Releases ",680, fd7e1321530a39f25fded62f0f0e970d,1.31,,, 
oc235,/about/infooc/news/press/details?NewsID=856&TargetID=93,,200, OK, Indexable,,"Orange County,  California - Press Releases ",523, 1c7fb7d0d509914bfd0d4fe8cc1c0a48,1.344,,, 
oc236,/about/infooc/news/press/details?NewsID=835&TargetID=93,,200, OK, Indexable,,"Orange County,  California - Press Releases ",467, e0cf2c7bc8895dbc5479ace6004b4aaa,1.26,,, 
oc237,/about/infooc/news/press/details?NewsID=894&TargetID=93,,200, OK, Indexable,,"Orange County,  California - Press Releases ",484, f0e6638a16b881fb8acc472133a8f7de,1.227,,, 
oc238,/about/infooc/news/press/details?NewsID=831&TargetID=93,,200, OK, Indexable,,"Orange County,  California - Press Releases ",488, 2943874e93383a4cc55c341297a00e8b,1.22,,, 
oc239,/about/infooc/news/press/details?NewsID=990&TargetID=93,,200, OK, Indexable,,"Orange County,  California - Press Releases ",774, cce82a5fe228be244f340ab3edab68f3,1.123,,, 
oc240,/about/infooc/news/press/details?NewsID=791&TargetID=93,,200, OK, Indexable,,"Orange County,  California - Press Releases ",392, e0128b474dc6208aa0b1594d43b43f66,1.242,,, 
oc241,/about/infooc/news/press/details?NewsID=904&TargetID=93,,200, OK, Indexable,,"Orange County,  California - Press Releases ",429, 56de1fe66212c71bb1b597c642281794,1.518,,, 
oc242,/about/infooc/news/press/details?NewsID=1046&TargetID=93,,200, OK, Indexable,,"Orange County,  California - Press Releases ",474, f3c7c63bbced79ad4c439c738f96cfdd,1.341,,, 
oc243,/about/infooc/news/press/details?NewsID=915&TargetID=93,,200, OK, Indexable,,"Orange County,  California - Press Releases ",535, 10c68798f3c6c5b8f02053d78827f3a1,1.344,,, 
oc244,/about/infooc/news/press/details?NewsID=897&TargetID=93,,200, OK, Indexable,,"Orange County,  California - Press Releases ",505, e6edf655620ecdeca12ef0d1a6d2d6c,1.315,,, 
oc245,/about/infooc/news/press/details?NewsID=1080&TargetID=93,,200, OK, Indexable,,"Orange County,  California - Press Releases ",835, 5d7d6d6a286c0f9f3bccb6232ac7c5cb,1.358,,, 
oc246,/about/infooc/news/press/details?NewsID=1040&TargetID=93,,200, OK, Indexable,,"Orange County,  California - Press Releases ",486, 720b6d2c9c971729b2627c66807d5da,1.385,,, 
oc247,/about/infooc/news/press/details?NewsID=926&TargetID=93,,200, OK, Indexable,,"Orange County,  California - Press Releases ",492, 1a535a673ac113a69c4e8e295892f1d2,1.182,,, 
oc248,/about/infooc/news/press/details?NewsID=923&TargetID=93,,200, OK, Indexable,,"Orange County,  California - Press Releases ",661, 5af096bb51ed315f461115e090a24928,1.002,,, 
oc249,/about/infooc/news/press/details?NewsID=889&TargetID=93,,200, OK, Indexable,,"Orange County,  California - Press Releases ",765, 190adf72cf9629d262152b4d22757a40,1.112,,, 
oc250,/about/infooc/news/pub/directory,,200, OK, Indexable,,"Orange County,  California - Civic Center Area Directory ",268, ecf81523a2099376a8a035dcb9463352,1.565,,, 
oc251,/about/infooc/news/press/details?NewsID=1043&TargetID=93,,200, OK, Indexable,,"Orange County,  California - Press Releases ",392, d1af75853ceb1a8389d758e330fc1a88,0.935,,, 
oc252,/about/infooc/news/press/details?NewsID=886&TargetID=93,,200, OK, Indexable,,"Orange County,  California - Press Releases ",513, 17368841a87d16a62f8d7ddb25e56113,1.457,,, 
oc253,/about/infooc/news/press/details?NewsID=1009&TargetID=93,,200, OK, Indexable,,"Orange County,  California - Press Releases ",439, d004f587cc8973a3990cd3ad918dbb4f,0.936,,, 
oc254,/about/infooc/news/press/details?NewsID=985&TargetID=93,,200, OK, Indexable,,"Orange County,  California - Press Releases ",417, 64ee3288aba8736a0212fd0942b0e5bd,1.389,,, 
oc255,/about/infooc/news/press/details?NewsID=901&TargetID=93,,200, OK, Indexable,,"Orange County,  California - Press Releases ",413, a268825f0221d48cd7af248af2ed11f7,0.945,,, 
oc256,/about/infooc/photocontest17/result.asp,,200, OK, Indexable,,"Orange County,  California - “Love Orange County” Photo Contest Result ",349, 54ed4e95999a560380735ff51f3181d6,0.937,,, 
oc257,/about/infooc/news/press/details?NewsID=937&TargetID=93,,200, OK, Indexable,,"Orange County,  California - Press Releases ",525, 56ed7ce7174fe83a49f7af1ae58273f4,1.364,,, 
oc258,/about/infooc/news/press/details?NewsID=912&TargetID=93,,200, OK, Indexable,,"Orange County,  California - Press Releases ",449, f17fc29edb3d21cd02ecd73efc47a69b,1.276,,, 
oc259,/about/infooc/news/press/details?NewsID=996&TargetID=93,,200, OK, Indexable,,"Orange County,  California - Press Releases ",2947, cf0d6bab2c8200cd53ca0388e62c8ab7,1.467,,, 
oc260,/about/infooc/news/press/details?NewsID=875&TargetID=93,,200, OK, Indexable,,"Orange County,  California - Press Releases ",536, 5bfbe0390992a7ec1d8a2454b4a5b505,0.779,,, 
oc261,/about/infooc/news/press/details?NewsID=850&TargetID=93,,200, OK, Indexable,,"Orange County,  California - Press Releases ",581, 1662930ef1413605eb41b6815d9cec22,1.157,,, 
oc262,/about/infooc/news/press/details?NewsID=971&TargetID=93,,200, OK, Indexable,,"Orange County,  California - Press Releases ",765, e270a35619ee19d4d807ed9d09e0ad49,1.31,,, 
oc263,/news/displaynews?NewsID=4496&TargetID=1,,200, OK, Indexable,,"Orange County,  California - News Details ",763, fb326885e45d522d7dd281b5cf119c8c,1.394,,, 
oc264,/news/displaynews?NewsID=4849&TargetID=1,,200, OK, Indexable,,"Orange County,  California - News Details ",398, 46326c91a78164c98e64989398e767fb,1.508,,, 
oc265,/news/displaynews?NewsID=4882&TargetID=1,,200, OK, Indexable,,"Orange County,  California - News Details ",521, 79381a85de5c0985864e127a5666e110,0.905,,, 
oc266,/about/infooc/news/press/details?NewsID=1087&TargetID=93,,200, OK, Indexable,,"Orange County,  California - Press Releases ",484, ad14d48601f8f6118bf14d6a5d120c0c,1.294,,, 
oc267,/about/infooc/news/press/details?NewsID=1083&TargetID=93,,200, OK, Indexable,,"Orange County,  California - Press Releases ",827, 42e06788e127827e31a9ef70ef0e227c,1.263,,, 
oc268,/about/infooc/news/press/details?NewsID=1078&TargetID=93,,200, OK, Indexable,,"Orange County,  California - Press Releases ",880, 3d260a59c48e12d6fd74c38d21fb09a2,1.251,,, 
oc269,/news/displaynews?NewsID=4500&TargetID=1,,200, OK, Indexable,,"Orange County,  California - News Details ",469, f0f9092220e0f53c0461c481a75c25fe,0.819,,, 
oc270,/about/infooc/news/press/details?NewsID=902&TargetID=93,,200, OK, Indexable,,"Orange County,  California - Press Releases ",556, 7d0c627451f7958050aea7820e0ac49,1.457,,, 
oc271,/about/infooc/news/press/details?NewsID=900&TargetID=93,,200, OK, Indexable,,"Orange County,  California - Press Releases ",434, 76fb1aed88bd3135224e3ffc2be4028a,1.634,,, 
oc272,/about/infooc/news/press/details?NewsID=908&TargetID=93,,200, OK, Indexable,,"Orange County,  California - Press Releases ",466, f3f01f31c0c1b7f91375115e32f7762f,1.546,,, 
oc273,/about/infooc/news/press/details?NewsID=913&TargetID=93,,200, OK, Indexable,,"Orange County,  California - Press Releases ",481, 66b84ffd9bd8ef2dd3f76d4495f4eeb6,1.36,,, 
oc274,/about/infooc/news/press/details?NewsID=911&TargetID=93,,200, OK, Indexable,,"Orange County,  California - Press Releases ",359, 7c71fd5b66391c1c70e1f44aa9d738f6,1.282,,, 
oc275,/about/infooc/news/pub/occharter,,200, OK, Indexable,,"Orange County,  California - OC Charter ",238, 92d3d56aed7d526985d9ac48eaef71c7,1.845,,, 
oc276,/about/infooc/news/press/details?NewsID=922&TargetID=93,,200, OK, Indexable,,"Orange County,  California - Press Releases ",455, a281fe224a131ff3f0d042da61ae2fbc,1.274,,, 
oc277,/news?NewsID=1529&TargetID=1,,200, OK, Indexable,,"Orange County,  California - News ",2453, 6eba897fc313096ac84f93a1e3a65c52,1.477,,, 
oc278,/about/infooc/news/press/details?NewsID=919&TargetID=93,,200, OK, Indexable,,"Orange County,  California - Press Releases ",405, 97641c0fbc1f1fbbb386c46ddb383a95,1.359,,, 
oc279,/about/infooc/news/press/details?NewsID=1016&TargetID=93,,200, OK, Indexable,,"Orange County,  California - Press Releases ",351, 334430e32b7a75ab0e86cbaa4b2b5990,1.261,,, 
oc280,/about/infooc/news/press/details?NewsID=789&TargetID=93,,200, OK, Indexable,,"Orange County,  California - Press Releases ",503, 132f06a43641883981a57cee3e41ca64,1.008,,, 
oc281,/about/infooc/news/press/details?NewsID=826&TargetID=93,,200, OK, Indexable,,"Orange County,  California - Press Releases ",358, dfd76251bb40e6ac86df2f4762ef6024,0.828,,, 
oc282,/about/infooc/news/press/details?NewsID=885&TargetID=93,,200, OK, Indexable,,"Orange County,  California - Press Releases ",643, f22ecd6b03f3780d3e4d223758ef148d,1.441,,, 
oc283,/about/infooc/news/press/details?NewsID=1005&TargetID=93,,200, OK, Indexable,,"Orange County,  California - Press Releases ",497, e6957108ddc8799b624c22182a9ea693,0.855,,, 
oc284,/news/displaynews?NewsID=4689&TargetID=1,,200, OK, Indexable,,"Orange County,  California - News Details ",976, b7d1db0b94d7bdc13939862fcaa0de9e,0.984,,, 
oc285,/about/infooc/news/press/details?NewsID=989&TargetID=93,,200, OK, Indexable,,"Orange County,  California - Press Releases ",939, 12edb721c67f5b2e045f0fcbe007101d,1.258,,, 
oc286,/about/infooc/news/press/details?NewsID=792&TargetID=93,,200, OK, Indexable,,"Orange County,  California - Press Releases ",493, 29c01d6d36a882f8c5da3a34c007bca4,0.861,,, 
oc287,/news/displaynews?NewsID=4567&TargetID=1,,200, OK, Indexable,,"Orange County,  California - News Details ",396, f6e36a45f0ee01a1674e8ab4829ee3ea,1.2,,, 
oc288,/about/infooc/news/press/details?NewsID=933&TargetID=93,,200, OK, Indexable,,"Orange County,  California - Press Releases ",538, 3b4025ee2a355ea9dc4341dd9d29de54,1.252,,, 
oc289,/about/infooc/news/press/details?NewsID=837&TargetID=93,,200, OK, Indexable,,"Orange County,  California - Press Releases ",425, 7a1e56942aa12283a1255cbac670955a,0.714,,, 
oc290,/about/infooc/news/press/details?NewsID=992&TargetID=93,,200, OK, Indexable,,"Orange County,  California - Press Releases ",449, 321efd4876848f085e92ff6ceaef23d8,1.08,,, 
oc291,/about/infooc/news/press/details?NewsID=1081&TargetID=93,,200, OK, Indexable,,"Orange County,  California - Press Releases ",532, c896f6ae5ee4741d03410d3e6b149937,0.757,,, 
oc292,/about/infooc/news/press/details?NewsID=854&TargetID=93,,200, OK, Indexable,,"Orange County,  California - Press Releases ",735, e64ea0f2333d269f41a79ce984e38698,0.856,,, 
oc293,/about/infooc/news/press/details?NewsID=896&TargetID=93,,200, OK, Indexable,,"Orange County,  California - Press Releases ",402, d20fc80256e3d1e1ff0a8c1d74af9081,0.875,,, 
oc294,/about/infooc/news/press/details?NewsID=968&TargetID=93,,200, OK, Indexable,,"Orange County,  California - Press Releases ",473, a0d6838ac34e7531eee06cb06431c443,1.476,,, 
oc295,/news/displaynews?NewsID=5401&TargetID=1,,200, OK, Indexable,,"Orange County,  California - News Details ",645, 38937c12bc6c23823d52dce4970653f3,1.199,,, 
oc296,/about/infooc/news/press/details?NewsID=962&TargetID=93,,200, OK, Indexable,,"Orange County,  California - Press Releases ",488, 678825f4f24017cdf6f70e17d00c81d8,1.248,,, 
oc297,/about/infooc/news/press/details?NewsID=965&TargetID=93,,200, OK, Indexable,,"Orange County,  California - Press Releases ",477, 9c7891e4c3c7c6d38ef44e19408e151a,1.384,,, 
oc298,/about/infooc/news/press/details?NewsID=866&TargetID=93,,200, OK, Indexable,,"Orange County,  California - Press Releases ",487, 72cb87efef850d958737eb64011d77f1,1.281,,, 
oc299,/about/infooc/news/press/details?NewsID=865&TargetID=93,,200, OK, Indexable,,"Orange County,  California - Press Releases ",743, ccfe02bd831caf1edb18d33687948a6d,1.308,,, 
oc300,/about/infooc/news/press/details?NewsID=869&TargetID=93,,200, OK, Indexable,,"Orange County,  California - Press Releases ",550, b531797bb061d129ff6a222c40aac1c2,1.322,,, 
oc301,/about/infooc/news/press/details?NewsID=840&TargetID=93,,200, OK, Indexable,,"Orange County,  California - Press Releases ",400, 7db2b26909d1fa2b64739dc115e1b7bf,1.409,,, 
oc302,/about/infooc/news/press/details?NewsID=862&TargetID=93,,200, OK, Indexable,,"Orange County,  California - Press Releases ",711, d53be1f657673fdad2f697437252121d,1.458,,, 
oc303,/about/infooc/news/press/details?NewsID=860&TargetID=93,,200, OK, Indexable,,"Orange County,  California - Press Releases ",1238, b572d5156d0162dc3d1dfe981149b236,1.41,,, 
oc304,/about/infooc/news/press/details?NewsID=847&TargetID=93,,200, OK, Indexable,,"Orange County,  California - Press Releases ",538, 48b6668329e08bf6e52283c2d7cc7130,0.789,,, 
oc305,/about/infooc/news/press/details?NewsID=863&TargetID=93,,200, OK, Indexable,,"Orange County,  California - Press Releases ",575, 76c622a5a1cfaa5bfe52f3bec630ec86,1.234,,, 
oc306,/about/infooc/news/press/details?NewsID=961&TargetID=93,,200, OK, Indexable,,"Orange County,  California - Press Releases ",377, 81a90168943573ba8639bdb98c48a443,1.58,,, 
oc307,/about/infooc/news/press/details?NewsID=981&TargetID=93,,200, OK, Indexable,,"Orange County,  California - Press Releases ",632, b6dd9fbbd143b539008c4910183d50f5,1.6,,, 
oc308,/about/infooc/news/press/details?NewsID=980&TargetID=93,,200, OK, Indexable,,"Orange County,  California - Press Releases ",455, 22428bd48b2bfcbf0e4916e97b0dd3a3,1.65,,, 
oc309,/about/infooc/news/press/details?NewsID=841&TargetID=93,,200, OK, Indexable,,"Orange County,  California - Press Releases ",535, 6fec6ae293a5e5a5e7473aa7577a64ea,1.591,,, 
oc310,/about/infooc/news/press/details?NewsID=946&TargetID=93,,200, OK, Indexable,,"Orange County,  California - Press Releases ",626, 1ace6f8d67bf9d1c924751ba2cc54a64,1.054,,, 
oc311,/about/infooc/news/press/details?NewsID=1008&TargetID=93,,200, OK, Indexable,,"Orange County,  California - Press Releases ",432, 18bdd582430e8fc44b1b275ee9b9ce4,1.729,,, 
oc312,/about/infooc/news/press/details?NewsID=940&TargetID=93,,200, OK, Indexable,,"Orange County,  California - Press Releases ",521, 86acaf675f2c785dfb82538e960f7d4d,1.446,,, 
oc313,/about/infooc/news/press/details?NewsID=870&TargetID=93,,200, OK, Indexable,,"Orange County,  California - Press Releases ",409, 456fe60654b29887534033b21323242a,0.967,,, 
oc314,/about/infooc/news/press/details?NewsID=984&TargetID=93,,200, OK, Indexable,,"Orange County,  California - Press Releases ",1676, f60021e8cba162bc36497a71a98fca21,1.364,,, 
oc315,/about/infooc/news/press/details?NewsID=986&TargetID=93,,200, OK, Indexable,,"Orange County,  California - Press Releases ",470, dc41f0a5862b96669405c5cfa86e1421,1.353,,, 
oc316,/about/infooc/news/press/details?NewsID=829&TargetID=93,,200, OK, Indexable,,"Orange County,  California - Press Releases ",372, 4a46805cd22fb8d11a1eea6a6951568,1.476,,, 
oc317,/about/infooc/news/press/details?NewsID=1004&TargetID=93,,200, OK, Indexable,,"Orange County,  California - Press Releases ",452, 979f03d8448f002a15910b3a7a97237,1.351,,, 
oc318,/about/infooc/news/press/details?NewsID=938&TargetID=93,,200, OK, Indexable,,"Orange County,  California - Press Releases ",571, 8d08df37b9f23db11c0c9d94f8763114,1.85,,, 
oc319,/about/infooc/news/press/details?NewsID=972&TargetID=93,,200, OK, Indexable,,"Orange County,  California - Press Releases ",501, 5c2de6669735426147f28b1019fb87eb,1.632,,, 
oc320,/about/infooc/news/press/details?NewsID=936&TargetID=93,,200, OK, Indexable,,"Orange County,  California - Press Releases ",512, f3a435016d97be6d4f7129ecd413c4e4,1.905,,, 
oc321,/about/infooc/news/press/details?NewsID=951&TargetID=93,,200, OK, Indexable,,"Orange County,  California - Press Releases ",519, 2de00caa5fa0743a37924b1e10957f7e,1.385,,, 
oc322,/about/infooc/news/press/details?NewsID=997&TargetID=93,,200, OK, Indexable,,"Orange County,  California - Press Releases ",411, 42604ce46f05e87d6e76040e063bef2f,1.718,,, 
oc323,/news,,200, OK, Indexable,,"Orange County,  California - News ",2453, 69f3263c637f4b7a2d700372d5f33f0,1.568,,, 
oc324,/about/infooc/news/press/details?NewsID=995&TargetID=93,,200, OK, Indexable,,"Orange County,  California - Press Releases ",624, 4ba4b0940823adb1f56464ab5ce72b46,1.849,,, 
oc325,/about/infooc/news/press/details?NewsID=932&TargetID=93,,200, OK, Indexable,,"Orange County,  California - Press Releases ",737, 754a8a8377cf952a13217913517b70c0,0.935,,, 
oc326,/about/infooc/news/press/details?NewsID=976&TargetID=93,,200, OK, Indexable,,"Orange County,  California - Press Releases ",703, 6f0b7f7ac53ea7c7d9dac283a38f651a,1.55,,, 
oc327,/about/infooc/news/press/details?NewsID=855&TargetID=93,,200, OK, Indexable,,"Orange County,  California - Press Releases ",490, 62d75d43428a3cd87bdd4dceb7ce7e90,1.15,,, 
oc328,/about/infooc/news/press/details?NewsID=876&TargetID=93,,200, OK, Indexable,,"Orange County,  California - Press Releases ",565, 92f3543c046e9a7f13fac7408b15802e,1.464,,, 
oc329,/about/infooc/news/press/details?NewsID=851&TargetID=93,,200, OK, Indexable,,"Orange County,  California - Press Releases ",609, 3787174b026692e47d775276205556b7,1.428,,, 
oc330,/about/infooc/news/press/details?NewsID=836&TargetID=93,,200, OK, Indexable,,"Orange County,  California - Press Releases ",374, 24880bcdcb7b3cbb99b4269dedb71e12,1.266,,, 
oc331,/about/infooc/news/press/details?NewsID=970&TargetID=93,,200, OK, Indexable,,"Orange County,  California - Press Releases ",617, 85f6e6eb3b8c85bb7da258f5eabfd2b9,1.5,,, 
oc332,/about/infooc/news/press/details?NewsID=991&TargetID=93,,200, OK, Indexable,,"Orange County,  California - Press Releases ",515, 919d8350cbc9b538b1f89a6b39afd5df,1.553,,, 
oc333,/about/infooc/news/press/details?NewsID=830&TargetID=93,,200, OK, Indexable,,"Orange County,  California - Press Releases ",517, 1f4ab1fe086a1f9265e517797beccd2c,1.265,,, 
oc334,/about/infooc/news/press/details?NewsID=874&TargetID=93,,200, OK, Indexable,,"Orange County,  California - Press Releases ",984, f10974a159c496b7565c1b5da2b01e4f,1.132,,, 
oc335,/about/infooc/news/press/details?NewsID=925&TargetID=93,,200, OK, Indexable,,"Orange County,  California - Press Releases ",558, 6694d9800b3c52364d06d202ce465252,1.28,,, 
oc336,/about/infooc/news/press/details?NewsID=928&TargetID=93,,200, OK, Indexable,,"Orange County,  California - Press Releases ",566, b8e68b349946faca11dfb39152822e40,1.228,,, 
oc337,/about/infooc/news/press/details?NewsID=924&TargetID=93,,200, OK, Indexable,,"Orange County,  California - Press Releases ",419, a8bdce8f87318feec6ea8c9553b5d567,1.587,,, 
oc338,/about/infooc/news/press/details?NewsID=921&TargetID=93,,200, OK, Indexable,,"Orange County,  California - Press Releases ",412, ff1a97c2930c81a81423cb0eff3247ea,1.316,,, 
oc339,/about/infooc/news/press/details?NewsID=1018&TargetID=93,,200, OK, Indexable,,"Orange County,  California - Press Releases ",614, 55dca3cf466f68104237271520044324,0.769,,, 
oc340,/about/infooc/news/press/details?NewsID=788&TargetID=93,,200, OK, Indexable,,"Orange County,  California - Press Releases ",532, 53d732d87b1c4cd8d08546d18851046c,1.531,,, 
oc341,/about/infooc/news/press/details?NewsID=887&TargetID=93,,200, OK, Indexable,,"Orange County,  California - Press Releases ",764, 4fbd2f29e65d6f4db6d3305ef3eb4025,1.506,,, 
oc342,/about/infooc/news/press/details?NewsID=888&TargetID=93,,200, OK, Indexable,,"Orange County,  California - Press Releases ",617, 13dc50de9c92e4117a4a99eece57bfed,1.172,,, 
oc343,/about/infooc/news/press/details?NewsID=825&TargetID=93,,200, OK, Indexable,,"Orange County,  California - Press Releases ",513, bf3378b2c02145900ae2702bb69b12ea,1.447,,, 
oc344,/about/infooc/news/press/details?NewsID=884&TargetID=93,,200, OK, Indexable,,"Orange County,  California - Press Releases ",561, 71c9b7e9d36541f74ad478ee3f23164d,1.57,,, 
oc345,/about/infooc/news/press/details?NewsID=1007&TargetID=93,,200, OK, Indexable,,"Orange County,  California - Press Releases ",490, 9b31d73f9284e2395a7aeace7ef0401f,1.501,,, 
oc346,/about/infooc/news/press/details?NewsID=903&TargetID=93,,200, OK, Indexable,,"Orange County,  California - Press Releases ",366, 8fa5c89cb635e7e309859b89a7156439,1.473,,, 
oc347,/about/infooc/news/press/details?NewsID=949&TargetID=93,,200, OK, Indexable,,"Orange County,  California - Press Releases ",397, e41f74103204d0f176a221641d9663ef,1.309,,, 
oc348,/about/infooc/news/press/details?NewsID=1045&TargetID=93,,200, OK, Indexable,,"Orange County,  California - Press Releases ",293, 48832053c014d5b46f974f229309bd75,1.319,,, 
oc349,/about/infooc/news/press/details?NewsID=983&TargetID=93,,200, OK, Indexable,,"Orange County,  California - Press Releases ",2281, fd6d9bbbc09516f2bd97d910dbf55de9,1.452,,, 
oc350,/news/displaynews?NewsID=4521&TargetID=1,,200, OK, Indexable,,"Orange County,  California - News Details ",588, 8d17fd6d3b9ba5a25f03e41537c6326a,1.066,,, 
oc351,/about/infooc/news/press/details?NewsID=790&TargetID=93,,200, OK, Indexable,,"Orange County,  California - Press Releases ",495, 67bf3cd60589418dcbbe7f830e80546f,1.074,,, 
oc352,/about/infooc/news/press/details?NewsID=828&TargetID=93,,200, OK, Indexable,,"Orange County,  California - Press Releases ",310, ed5b700e7088f89ef081eb7c78188a42,1.642,,, 
oc353,/about/infooc/news/press/details?NewsID=987&TargetID=93,,200, OK, Indexable,,"Orange County,  California - Press Releases ",479, 764d0d3a6dd3c015a7244c8499984e9a,1.463,,, 
oc354,/about/infooc/news/press/details?NewsID=914&TargetID=93,,200, OK, Indexable,,"Orange County,  California - Press Releases ",527, a336fc46d2eabd1074f4e17dd423225b,0.94,,, 
oc355,/about/infooc/news/press/details?NewsID=935&TargetID=93,,200, OK, Indexable,,"Orange County,  California - Press Releases ",690, 5424a7974c7dcd163025131f89bc57aa,1.413,,, 
oc356,/about/infooc/news/press/details?NewsID=994&TargetID=93,,200, OK, Indexable,,"Orange County,  California - Press Releases ",426, 597a7f1b1ec2ad7d570a7cb4a6ba9772,1.406,,, 
oc357,/about/infooc/news/press/details?NewsID=939&TargetID=93,,200, OK, Indexable,,"Orange County,  California - Press Releases ",980, bd62a593e582fcf4b23880aa769247fc,1.414,,, 
oc358,/about/infooc/news/press/details?NewsID=973&TargetID=93,,200, OK, Indexable,,"Orange County,  California - Press Releases ",514, 350525392baa2d882ec06ad46478873b,1.405,,, 
oc359,/about/infooc/news/press/details?NewsID=910&TargetID=93,,200, OK, Indexable,,"Orange County,  California - Press Releases ",399, e1ba2c69d9ee64c404ff2ed34edbf6f,1.118,,, 
oc360,/about/infooc/news/press/details?NewsID=998&TargetID=93,,200, OK, Indexable,,"Orange County,  California - Press Releases ",497, a662050b363d900cd156d67649e1f8ed,1.388,,, 
oc361,/about/infooc/news/press/details?NewsID=839&TargetID=93,,200, OK, Indexable,,"Orange County,  California - Press Releases ",438, 8dc94611041300602144eb557ee9bca8,1.402,,, 
oc362,/about/infooc/news/press/details?NewsID=898&TargetID=93,,200, OK, Indexable,,"Orange County,  California - Press Releases ",401, c1b41fae88cebeaf5742e364e7b1a362,1.595,,, 
oc363,/about/infooc/news/press/details?NewsID=877&TargetID=93,,200, OK, Indexable,,"Orange County,  California - Press Releases ",387, 5e5b68d0f5ba90190698ae73359dd46,1.42,,, 
oc364,/about/infooc/news/press/details?NewsID=873&TargetID=93,,200, OK, Indexable,,"Orange County,  California - Press Releases ",625, a419bc2d0e2f7aa5d70254b733d9179d,1.306,,, 
oc365,/about/infooc/news/press/details?NewsID=1041&TargetID=93,,200, OK, Indexable,,"Orange County,  California - Press Releases ",611, 476a79680ac2ca14cfc5ec73e2aa0dfd,1.421,,, 
oc366,/about/infooc/news/press/details?NewsID=1020&TargetID=93,,200, OK, Indexable,,"Orange County,  California - Press Releases ",595, 4eeecf12069f082f27e71f2e8d74e670,1.568,,, 
oc367,/about/infooc/news/press/details?NewsID=852&TargetID=93,,200, OK, Indexable,,"Orange County,  California - Press Releases ",561, 67d47635425f339ccdc3f02f99bb5d36,1.464,,, 
oc368,/about/infooc/news/press/details?NewsID=906&TargetID=93,,200, OK, Indexable,,"Orange County,  California - Press Releases ",413, 70b36f1c289ea8544bf50c3de0d1284c,1.268,,, 
oc369,/about/infooc/news/press/details?NewsID=917&TargetID=93,,200, OK, Indexable,,"Orange County,  California - Press Releases ",547, afd9c9983c9b4389a49a6b9060b8fb20,1.59,,, 
oc370,/about/infooc/news/press/details?NewsID=895&TargetID=93,,200, OK, Indexable,,"Orange County,  California - Press Releases ",388, 7b3f81655f7f8c566e791dc6d3db9289,1.296,,, 
oc371,/about/infooc/news/press/details?NewsID=1082&TargetID=93,,200, OK, Indexable,,"Orange County,  California - Press Releases ",450, b36cb4694e38d7eb618fc077730d4ebe,1.743,,, 
oc372,/news/displaynews?NewsID=4846&TargetID=1,,200, OK, Indexable,,"Orange County,  California - News Details ",427, 46461c52ae16badc241c87c5c2488262,1.726,,, 
oc373,/about/infooc/news/press/details?NewsID=1012&TargetID=93,,200, OK, Indexable,,"Orange County,  California - Press Releases ",451, 60a983229df725b3d183357a9f03d920,2.034,,, 
oc374,/about/infooc/news/press/details?NewsID=1015&TargetID=93,,200, OK, Indexable,,"Orange County,  California - Press Releases ",292, e7c26f4dc238cf4b2c2f52acc054b518,1.626,,, 
oc375,/about/infooc/news/press/details?NewsID=881&TargetID=93,,200, OK, Indexable,,"Orange County,  California - Press Releases ",692, 4d07e1b8e456c3d0f5d2af534a12d283,1.452,,, 
oc376,/about/infooc/news/press/details?NewsID=1001&TargetID=93,,200, OK, Indexable,,"Orange County,  California - Press Releases ",472, 94da83cf79f03f8ae2c79db5c79aaf2d,1.417,,, 
oc377,/about/infooc/news/press/details?NewsID=943&TargetID=93,,200, OK, Indexable,,"Orange County,  California - Press Releases ",437, b16f6e50e8fdb76bd7c19430f917c7e,1.383,,, 
oc378,/about/infooc/news/press/details?NewsID=909&TargetID=93,,200, OK, Indexable,,"Orange County,  California - Press Releases ",951, 68f25e275d92c4287c2ccb4256a4b4c7,1.416,,, 
oc379,/about/infooc/news/press/details?NewsID=979&TargetID=93,,200, OK, Indexable,,"Orange County,  California - Press Releases ",436, 88357a0b15da5b01d06cc93d2ae4a63a,1.626,,, 
oc380,/about/infooc/news/press/details?NewsID=954&TargetID=93,,200, OK, Indexable,,"Orange County,  California - Press Releases ",420, 8291487467eed61f9aff0b10e3ccbfb7,1.67,,, 
oc381,/about/infooc/news/press/details?NewsID=858&TargetID=93,,200, OK, Indexable,,"Orange County,  California - Press Releases ",514, a3434a7318c6829de3f29ca3f6cb7620,0.817,,, 
oc382,/about/infooc/news/press/details?NewsID=833&TargetID=93,,200, OK, Indexable,,"Orange County,  California - Press Releases ",913, 626b843b889a8786182b1fa9d0dabe36,1.633,,, 
oc383,/about/infooc/news/press/details?NewsID=1085&TargetID=93,,200, OK, Indexable,,"Orange County,  California - Press Releases ",370, 7c80b0849116e74ba4b0a4c033f575eb,1.213,,, 
oc384,/about/infooc/news/press/details?NewsID=892&TargetID=93,,200, OK, Indexable,,"Orange County,  California - Press Releases ",909, 1266d733f1177de04e008e915532f0d7,1.621,,, 
oc385,/howdoi/payfor,,200, OK, Indexable,,"Orange County,  California - Pay for ",246, 9f1178fe1f8ab1173e777d4eda085c50,0.964,,, 
oc386,/residents/gov/redistricting/workstations,,200, OK, Indexable,,"Orange County,  California - Public Redistricting Computer Workstations ",305, 36310f5de28f407f273224879ff936d2,2.307,,, 
oc387,/howdoi/applyformain,,200, OK, Indexable,,"Orange County,  California - Apply For (main) ",231, 5eba2242d96269c1ec4d35629a251577,0.918,,, 
oc388,/residents/gov/legislative/guidelines,,200, OK, Indexable,,"Orange County,  California - Legislative Guidelines ",291, 8bef6192f848996af09e06d7919245fb,1.681,,, 
oc389,/residents/gov/redistricting/proposals,,200, OK, Indexable,,"Orange County,  California - Redistricting Proposals Submitted ",270, 72c40617a4c40588fc9741e004c47f0b,1.543,,, 
oc390,/residents/law/safety/fire,,200, OK, Indexable,,"Orange County,  California - Fire Departments ",516, 73ec1e3293156be1f6a078b2267d35f1,1.915,,, 
oc391,/about/infooc/intouch/directory/catele,,200, OK, Indexable,,"Orange County,  California - California Tele ",323, a217b69107bac08c0c9848db03659038,1.699,,, 
oc392,/about/emergency/report/animal,,200, OK, Indexable,,"Orange County,  California - Animal Abuse ",244, ad0e2c72ab6abc3ad7d6973b56895182,1.786,,, 
oc393,/about/emergency/preparation/flood,,200, OK, Indexable,,"Orange County,  California - Flood Emergency ",423, ba153b8b1821d624f62b2aed1582e06f,1.649,,, 
oc394,/residents/gov/legislative/,,200, OK, Indexable,,"Orange County,  California - Legislative Affairs ",321, a69055c716924bf757c9be44ed90b972,1.816,,, 
oc395,/about/emergency/assistance/clinics,,200, OK, Indexable,,"Orange County,  California - Clinics & Hospital Locations ",242, 4a16bcb41b8d8f3358cd8b980112b0dc,1.917,,, 
oc396,/howdoi/learnabout,,200, OK, Indexable,,"Orange County,  California - Learn About ",279, db6680378ddc73e72b1fa8ace72fb99e,1.081,,, 
oc397,/residents/gov/legislative/delegation,,200, OK, Indexable,,"Orange County,  California - OC Legislative Delegation ",342, a442a1de413c2fafb504c89c8a72f489,1.686,,, 
oc398,/about/emergency/preparation/earthquake,,200, OK, Indexable,,"Orange County,  California - Earthquake Emergency ",384, 27571990dafe2569138d19665e14806b,1.794,,, 
oc399,/howdoi/getacopyof,,200, OK, Indexable,,"Orange County,  California - Get a Copy of ",269, b6efcdc292eb3d720b90b1195735c071,0.937,,, 
oc400,/civica/admin/multisession-logout.asp,,200, OK, Indexable,,"Orange County,  California - Admin - Logout ",23, 79591dc1b828f2c6581e45e3535ab54f,0.377,,, 
oc401,/about/emergency/terrorism/reportsubstance,,200, OK, Indexable,,"Orange County,  California - Reporting a Suspicious Substance ",380, b32b88a461c360760bce66f6baa93673,1.997,,, 
oc402,/about/emergency/terrorism/usmilitary,,200, OK, Indexable,,"Orange County,  California - U.S. Military ",275, 9be3482efe06134467ddd9fe6af910cb,1.654,,, 
oc403,/about/infooc/intouch/directory/usgovtele,,200, OK, Indexable,,"Orange County,  California - US Gov. Tele ",345, ef77c1431cadd7bfdc6dfd63f61dd508,1.84,,, 
oc404,/about/emergency/terrorism/reportactivity,,200, OK, Indexable,,"Orange County,  California - Reporting Suspicious Activity ",282, 1f63e6f798fd5ae99034def28d8b6c63,1.689,,, 
oc405,/residents/law/safety/police,,200, OK, Indexable,,"Orange County,  California - Police Departments ",376, 140cbe38122c72d600e1b85dd03315a1,1.952,,, 
oc406,/about/infooc/links/oc/state,,200, OK, Indexable,,"Orange County,  California - State Government ",226, ef545b1abff7955acf5aeb3a3012b7ec,1.696,,, 
oc407,/residents/gov/legislative/platform,,200, OK, Indexable,,"Orange County,  California - Legislative Platform ",235, 8ebf0b21c0d49b8781527ead119ea30b,2.5,,, 
oc408,/about/emergency/preparation/fire,,200, OK, Indexable,,"Orange County,  California - Fire Emergency ",477, a0375d1faffc141ad859536d4468f0a7,1.76,,, 
oc409,/howdoi/registerpg,,200, OK, Indexable,,"Orange County,  California - Register ",220, 355b2f22265be7f248e853f713d7b17e,0.863,,, 
oc410,/residents/gov/legislative/archives,,200, OK, Indexable,,"Orange County,  California - Platform Archives ",272, c8046c4eafddc0ec2b9239023699d656,1.764,,, 
oc411,/about/infooc/intouch/directory/building,,200, OK, Indexable,,"Orange County,  California - Building & Facilities ",894, 25e13be5839d36e47c7cf4c05004fd39,1.382,,, 
oc412,/about/emergency/preparation/tsunami,,200, OK, Indexable,,"Orange County,  California - Tsunami Emergency ",475, 7a39cc1d16b43dcabf02d272eb897c18,1.671,,, 
oc413,/residents/gov/legislative/countygrantopps,,200, OK, Indexable,,"Orange County,  California - County Grant Opportunities ",311, dd5241f6700a537eff891603245f1932,1.117,,, 
oc414,/about/emergency/disaster/claim,,200, OK, Indexable,,"Orange County,  California - Declare a Disaster Claim ",305, e88258bd89efa03a8f43feef31c7c3fb,1.696,,, 
oc415,/about/emergency/terrorism/prepare,,200, OK, Indexable,,"Orange County,  California - Domestic Preparedness ",406, 1c1b69700a7b76891733f17b3cfbee0a,1.979,,, 
oc416,/about/infooc/intouch/directory/satele,,200, OK, Indexable,,"Orange County,  California - Santa Ana Tele ",299, 177949963b1763d58c612906e7193806,2.023,,, 
oc417,/residents/gov/redistricting/resources,,200, OK, Indexable,,"Orange County,  California - Maps & Resources ",296, 79b9ec90a0e5b14cf90d205e405f89cb,1.629,,, 
oc418,/howdoi/reportpg,,200, OK, Indexable,,"Orange County,  California - Report ",249, 15d8585bebf7fb0be467dbd87a8ecb46,1.052,,, 
oc419,/about/emergency/preparation/thunderstorm,,200, OK, Indexable,,"Orange County,  California - Thunderstorm Emergency ",463, 608683593ac19e039982aaaf145b4f02,1.737,,, 
oc420,/residents/gov/redistricting/agenda,,200, OK, Indexable,,"Orange County,  California - Agendas & Minutes ",390, 3f8a4b63bd137b3ec24db007eec81a43,2.432,,, 
oc421,/about/emergency/preparation/excessive,,200, OK, Indexable,,"Orange County,  California - Excessive Heat Emergency ",292, 1170d038e411ecd02832fd61b44b9223,1.534,,, 
oc422,/residents/gov/redistricting/kit,,200, OK, Indexable,,"Orange County,  California - Redistricting Demographic Submittal Kit ",687, e966b3d5a14b6f181bf4475f1ba74360,1.436,,, 
oc423,/residents/gov/redistricting/news,,200, OK, Indexable,,"Orange County,  California - Latest News ",309, acc7c0d43d5450f3748699916b7bfaed,2.168,,, 
oc424,/news?Type=1&targetID=1,,200, OK, Indexable,,"Orange County,  California - News ",2453, 130308141c681e7742c131667b508424,2.045,,, 
oc425,/news/2012,,200, OK, Indexable,,"Orange County,  California - 2012 ",344, eeb96f4fa8fba6dba79db16304108176,1.136,,, 
oc426,/residents/gov/legislative/countygrantopps/state,,200, OK, Indexable,,"Orange County,  California - State Grants ",230, a9dd9a0f1cc2fe4332afcf8ac7778953,0.864,,, 
oc427,/news?Type=1&targetID=39,,200, OK, Indexable,,"Orange County,  California - News ",2453, 6c45d0e3e33c17dfc0ab0998042f6f9e,1.403,,, 
oc428,/residents/gov/legislative/countygrantopps/fed,,200, OK, Indexable,,"Orange County,  California - Federal Grants ",231, 1d20df3bd5e22dbb6e63837733aae52d,0.977,,, 
oc429,/news?Type=1&targetID=94,,200, OK, Indexable,,"Orange County,  California - News ",2453, 120c89ad074c06353a2ceeff6c298373,1.424,,, 
oc430,/residents/gov/legislative/countygrantopps/notify_me,,200, OK, Indexable,,"Orange County,  California - Notify me of a Grant Opportunity ",267, 2e8fe72fb2ed2c0e918429f838dadcc5,1.22,,, 
oc431,/residents/gov/maps,,200, OK, Indexable,,"Orange County,  California - Maps & Directions ",363, 96e82e73f40acc572431f59c7dcb21e7,1.552,,, 
oc432,/residents/gov/redistricting/kit2,,200, OK, Indexable,,"Orange County,  California - Redistricting Demographic Submittal Kit-2 ",221, 36d68051f5ab7235986048ebe548d333,1.818,,, 
oc433,/residents/gov/legislative/countygrantopps/new,,200, OK, Indexable,,"Orange County,  California - New Grant Opportunities ",234, 821e551af3c2faca9611f97a3c532fb6,0.853,,, 
oc434,/residents/gov/legislative/countygrantopps/foundation,,200, OK, Indexable,,"Orange County,  California - Foundation Grants ",230, 9020721643c64faa1b41c601d931e1c8,0.867,,, 
oc435,/about/openoc/,,200, OK, Indexable,,"Orange County,  California - OpenOC ",444, b09e661f0cd61dec11f6f364962b327a,2,,, 
oc450,/news/2016,,500, Internal Server Error, Non-Indexable, Server Error,,0,,0.702,,, 
oc451,/news/2015,,500, Internal Server Error, Non-Indexable, Server Error,,0,,0.651,,, 
oc452,/about/infooc/news/pio,,500, Internal Server Error, Non-Indexable, Server Error,,0,,0.666,,, 
oc453,/about/infooc/news/press/1998,,500, Internal Server Error, Non-Indexable, Server Error,,0,,0.628,,, 
oc454,/about/infooc/news/press/1995,,500, Internal Server Error, Non-Indexable, Server Error,,0,,0.614,,, 
oc455,/about/infooc/news/press/1996,,500, Internal Server Error, Non-Indexable, Server Error,,0,,0.655,,, 
oc456,/about/infooc/news/press/2012,,500, Internal Server Error, Non-Indexable, Server Error,,0,,0.624,,, 
oc457,/about/infooc/news/press/2010,,500, Internal Server Error, Non-Indexable, Server Error,,0,,0.68,,, 
oc458,/about/infooc/news/press/2017,,500, Internal Server Error, Non-Indexable, Server Error,,0,,0.683,,, 
oc459,/about/infooc/news/press/2009,,500, Internal Server Error, Non-Indexable, Server Error,,0,,0.691,,, 
oc460,/about/infooc/news/press/2007,,500, Internal Server Error, Non-Indexable, Server Error,,0,,0.589,,, 
oc461,/residents/law/courtaccess,,500, Internal Server Error, Non-Indexable, Server Error,,0,,0.78,,, 
oc462,/about/infooc/links/counties,,500, Internal Server Error, Non-Indexable, Server Error,,0,,0.666,,, 
oc463,/about/emergency/disaster,,500, Internal Server Error, Non-Indexable, Server Error,,0,,0.711,,, 
oc464,/residents/voting,,500, Internal Server Error, Non-Indexable, Server Error,,0,,0.791,,, 
oc465,/residents/voting/citizenship,,500, Internal Server Error, Non-Indexable, Server Error,,0,,0.656,,, 
oc466,/residents/health/disease,,500, Internal Server Error, Non-Indexable, Server Error,,0,,0.895,,, 
oc467,/contact/browser,,500, Internal Server Error, Non-Indexable, Server Error,,0,,0.754,,, 
oc468,/residents/gov/elected,,500, Internal Server Error, Non-Indexable, Server Error,,0,,0.649,,, 
oc469,/howdoi/applyfor,,500, Internal Server Error, Non-Indexable, Server Error,,0,,0.266,,, 
oc470,/about/infooc/civic_center_building_transitions,,500, Internal Server Error, Non-Indexable, Server Error,,0,,0.614,,, 
oc471,/visitors/wilderness,,500, Internal Server Error, Non-Indexable, Server Error,,0,,0.758,,, 
oc472,/residents/taxes/refund,,500, Internal Server Error, Non-Indexable, Server Error,,0,,0.668,,, 
oc473,/services/employment,,500, Internal Server Error, Non-Indexable, Server Error,,0,,0.318,,, 
oc474,/services/cert/death,,500, Internal Server Error, Non-Indexable, Server Error,,0,,0.623,,, 
oc475,/about/emergency/assistance/food,,500, Internal Server Error, Non-Indexable, Server Error,,0,,0.525,,, 
oc476,/residents/taxes,,500, Internal Server Error, Non-Indexable, Server Error,,0,,0.275,,, 
oc477,/residents/health/baby,,500, Internal Server Error, Non-Indexable, Server Error,,0,,0.628,,, 
oc478,/residents/property,,500, Internal Server Error, Non-Indexable, Server Error,,0,,0.299,,, 
oc479,/about/infooc/links,,500, Internal Server Error, Non-Indexable, Server Error,,0,,0.713,,, 
oc480,/about/infooc/pension,,500, Internal Server Error, Non-Indexable, Server Error,,0,,0.634,,, 
oc481,/residents/law/report,,500, Internal Server Error, Non-Indexable, Server Error,,0,,0.723,,, 
oc482,/services/cert/birth,,500, Internal Server Error, Non-Indexable, Server Error,,0,,0.449,,, 
oc483,/residents/health/abuse/animalabuse,,500, Internal Server Error, Non-Indexable, Server Error,,0,,0.632,,, 
oc484,/services/animal,,500, Internal Server Error, Non-Indexable, Server Error,,0,,0.905,,, 
oc485,/about/infooc/photocontest17/loveoc_result,,500, Internal Server Error, Non-Indexable, Server Error,,0,,0.648,,, 
oc486,/contact/comment,,500, Internal Server Error, Non-Indexable, Server Error,,0,,0.635,,, 
oc487,/residents/financial/seniorasst,,500, Internal Server Error, Non-Indexable, Server Error,,0,,0.884,,, 
oc488,/visitors/historic,,500, Internal Server Error, Non-Indexable, Server Error,,0,,0.929,,, 
