id,title,url,parent_id,level,ordering,link_status,override_title
96125238,"OC Public Libraries",http://www.ocpl.org/,,1,1,200
96125239,"eLibrary",http://www.ocpl.org/elib,96125238,2,1,200
96125253,"California Mission eBooks",http://www.ocpl.org/elib/california_mission_ebooks,96125239,3,1,200
96125259,"Read",http://www.ocpl.org/kids/read,96125240,3,1,200
96125273,"Aliso Viejo",http://www.ocpl.org/libloc/aliso,96125242,3,1,200
96125312,"About OCPL",http://www.ocpl.org/services/about,96125243,3,1,200
96125317,"News Archive",http://www.ocpl.org/explore/archive,96125245,3,1,200
96125320,"details",http://www.ocpl.org/cal/details,96125248,3,1,200
96125323,"Award Winners",http://www.ocpl.org/kids/read/award,96125259,4,1,200
96125325,"Contact the Aliso Viejo Library",http://www.ocpl.org/libloc/aliso/contact_the_aliso_viejo_library,96125273,4,1,200
96125326,"Contact Us",http://www.ocpl.org/services/about/contact,96125312,4,1,200
96125348,"Events",http://www.ocpl.org/elib/genealogy/events,96125254,4,1,200
96125349,"Games",http://www.ocpl.org/kids/play/games,96125260,4,1,200
96125350,"Contact the Brea Library",http://www.ocpl.org/libloc/brea/contact_the_brea_library,96125274,4,1,200
96125351,"News Details",http://www.ocpl.org/explore/details?NewsID=5394&TargetID=7,96125318,4,1,200
96125366,"Animals",http://www.ocpl.org/kids/learn/animals,96125261,4,1,200
96125367,"Contact the Costa Mesa-Donald Dungan Library",http://www.ocpl.org/libloc/cmdd/contact_the_costa_mesa_donald_dungan_library,96125275,4,1,200
96125379,"Early Education and Development",http://www.ocpl.org/kids/grownups/eed,96125262,4,1,200
96125380,"Contact the Mesa Verde Library",http://www.ocpl.org/libloc/mesaverde/contact_the_mesa_verde_library,96125276,4,1,200
96125389,"Contact the Costa Mesa Technology Library",http://www.ocpl.org/libloc/cmt/contact_the_costa_mesa_technology_library,96125277,4,1,200
96125394,"Contact the Cypress Library",http://www.ocpl.org/libloc/cyp/contact_the_cypress_library,96125278,4,1,200
96125397,"Contact the Dana Point Library",http://www.ocpl.org/libloc/dana/contactdanapoint,96125279,4,1,200
96125402,"Contact the El Toro Library",http://www.ocpl.org/libloc/eltoro/contacteltoro,96125280,4,1,200
96125407,"Contact the Foothill Ranch Library",http://www.ocpl.org/libloc/fr/contact,96125281,4,1,200
96125411,"Contact the Fountain Valley Library",http://www.ocpl.org/libloc/fv/contact,96125282,4,1,200
96125414,"Contact the Garden Grove Library",http://www.ocpl.org/libloc/ggr/contact,96125283,4,1,200
96125417,"Contact the Chapman Library",http://www.ocpl.org/libloc/ggc/contact_the_chapman_library,96125284,4,1,200
96125420,"contact",http://www.ocpl.org/libloc/ggw/contact,96125285,4,1,200
96125423,"Contact",http://www.ocpl.org/libloc/heritage/contact,96125286,4,1,200
96125426,"Contact",http://www.ocpl.org/libloc/katie/contact,96125287,4,1,200
96125429,"Contact",http://www.ocpl.org/libloc/iup/contact,96125288,4,1,200
96125432,"Contact",http://www.ocpl.org/libloc/habra/contact,96125289,4,1,200
96125435,"Contact",http://www.ocpl.org/libloc/lapalma/contact,96125290,4,1,200
96125438,"Contact",http://www.ocpl.org/libloc/lr/contact,96125291,4,1,200
96125441,"Contact",http://www.ocpl.org/libloc/lbch/contact,96125292,4,1,200
96125444,"Contact",http://www.ocpl.org/libloc/lht/contact,96125293,4,1,200
96125447,"Contact",http://www.ocpl.org/libloc/ln/contact,96125294,4,1,200
96125450,"Contact",http://www.ocpl.org/libloc/lwoods/contact,96125295,4,1,200
96125453,"Contact",http://www.ocpl.org/libloc/library_of_the_canyons/contact,96125296,4,1,200
96125456,"Contact",http://www.ocpl.org/libloc/larossmoor/contact,96125297,4,1,200
96125459,"Contact",http://www.ocpl.org/libloc/rsm/contact,96125298,4,1,200
96125462,"Contact",http://www.ocpl.org/libloc/sc/contact,96125299,4,1,200
96125465,"Contact",http://www.ocpl.org/libloc/sjc/contact,96125300,4,1,200
96125467,"Contact",http://www.ocpl.org/libloc/sb/contact,96125301,4,1,200
96125470,"Contact",http://www.ocpl.org/libloc/tustin/contact,96125302,4,1,200
96125473,"Contact",http://www.ocpl.org/libloc/stanton/contact,96125303,4,1,200
96125476,"Contact",http://www.ocpl.org/libloc/villapark/contact,96125304,4,1,200
96125479,"Contact",http://www.ocpl.org/libloc/westminster/contact,96125305,4,1,200
96125482,"Directions",http://www.ocpl.org/libloc/admin/directions,96125306,4,1,200
96125484,"Friends’ Bookstores",http://www.ocpl.org/services/support/friends/friends%e2%80%99_bookstores,96125381,5,1,200
96125485,"News Details",http://www.ocpl.org/explore/details?NewsID=5246&TargetID=7,96125351,5,1,200
96125487,FamilySearch,http://www.ocpl.org/civicax/filebank/blobdload.aspx?BlobID=64285,96125329,5,1,200
96125657,OC Development Board,http://www.ocpl.org/gov/occr/occs/cid/wib/default.asp,96125593,6,1,200
96125909,"About OCPL",http://www.ocpl.org/gov/occr/lib/libserv/about/default.asp,96125490,6,1,200
96125915,"Silverado",http://www.ocpl.org/gov/occr/lib/libloc/silverado/default.asp,96125496,6,1,200
96125916,"Materials for Your Use",http://www.ocpl.org/gov/occr/lib/libserv/about/materials.asp,96125909,7,1,200
96125917,"Bibliography",http://www.ocpl.org/gov/occr/lib/elib/genealogy/bibliography.asp,96125910,7,1,200
96125920,"Jobseeker Services",http://www.ocpl.org/gov/occr/occs/cid/wib/jobseeker/default.asp,96125657,7,1,200
96125951,"Veteran's Employment-Related Assistance Program",http://www.ocpl.org/gov/occr/occs/cid/wib/about/verap.asp,96125924,8,1,200
96125962,"About READ OC",http://www.readoc.org/about,96125961,3,1,200
96125969,"Resources",http://www.readoc.org/tutor/resources,96125963,4,1,200
96125971,"Calendar of Events",http://www.readoc.org/calendar?CalDate=7%2F5%2F2019&EventDateID=388682&ViewBy=7,96125965,4,1,200
96125972,"Resources",http://www.readoc.org/learner/resources,96125966,4,1,200
96125974,"Become a Tutor",http://www.readoc.org/involved/tutor,96125967,4,1,200
96125977,"Literacy Centers",http://www.readoc.org/tutor/resources/literacy_centers,96125969,5,1,200
96125978,"Calendar of Events",http://www.readoc.org/calendar?CalDate=7%2F8%2F2019&EventDateID=419289&ViewBy=7,96125971,5,1,200
96125979,"Online Registration",http://www.readoc.org/involved/tutor/onlinereg,96125974,5,1,200
96125980,"Online Monthly Report",http://www.readoc.org/rptsforms/monthly/online,96125976,5,1,200
96241251,"Libraries",http://www.ocpl.org/libloc?location=28&subCat=200,96125311,4,1,200
96241253,"Friends of the Library",http://www.ocpl.org/services/support/friends,96241252,4,1,200
96241255,"mobileprinting",http://www.ocpl.org/services/wireless_printing/mobileprinting,96241254,4,1,200
96241273,"Read",http://www.ocpl.org/gov/occr/lib/teens/read.asp,96241272,6,1,200
96241275,"Read",http://www.ocpl.org/gov/occr/lib/children/read/default.asp,96241274,6,1,200
96241276,"Award Winners",http://www.ocpl.org/gov/occr/lib/children/read/award.asp,96241275,7,1,200
96241278,"Games",http://www.ocpl.org/gov/occr/lib/children/play/games.asp,96241277,7,1,200
96241286,"Social Studies",http://www.ocpl.org/gov/occr/lib/children/learn/ss.asp,96241285,7,1,200
96241297,"Get Outside!",http://www.ocpl.org/gov/occr/lib/children/grownups/get_outside!.asp,96241296,7,1,200
96241303,"Contact Us",http://www.ocpl.org/explore_oc/contact_us,96241302,3,1,200
96125240,"Kids",http://www.ocpl.org/kids,96125238,2,2,200
96125254,"Genealogy",http://www.ocpl.org/elib/genealogy,96125239,3,2,200
96125260,"Play",http://www.ocpl.org/kids/play,96125240,3,2,200
96125274,"Brea",http://www.ocpl.org/libloc/brea,96125242,3,2,200
96125313,"Library Advisory Board",http://www.ocpl.org/services/libadvbd,96125243,3,2,200
96125331,"Book Lists",http://www.ocpl.org/kids/read/booklists,96125259,4,2,200
96125332,"Directions",http://www.ocpl.org/libloc/aliso/directions,96125273,4,2,200
96125333,"Borrowing Privileges and Policies",http://www.ocpl.org/services/about/brrowingpriv,96125312,4,2,200
96125352,"Online Resources",http://www.ocpl.org/elib/genealogy/online_resources,96125254,4,2,200
96125353,"Crafts",http://www.ocpl.org/kids/play/crafts,96125260,4,2,200
96125354,"Directions",http://www.ocpl.org/libloc/brea/directions,96125274,4,2,200
96125368,"Arts",http://www.ocpl.org/kids/learn/arts,96125261,4,2,200
96125369,"Directions",http://www.ocpl.org/libloc/cmdd/directions,96125275,4,2,200
96125382,"Internet Safety",http://www.ocpl.org/kids/grownups/internetsafety,96125262,4,2,200
96125383,"Directions",http://www.ocpl.org/libloc/mesaverde/directions,96125276,4,2,200
96125384,"Volunteer",http://www.ocpl.org/services/support/volunteer,96125315,4,2,200
96125395,"Directions",http://www.ocpl.org/libloc/cyp/directions,96125278,4,2,200
96125399,"Directions",http://www.ocpl.org/libloc/dana/directions,96125279,4,2,200
96125404,"Directions",http://www.ocpl.org/libloc/eltoro/directions,96125280,4,2,200
96125409,"Directions",http://www.ocpl.org/libloc/fr/directions,96125281,4,2,200
96125412,"Directions",http://www.ocpl.org/libloc/fv/directions,96125282,4,2,200
96125415,"Directions",http://www.ocpl.org/libloc/ggr/directions,96125283,4,2,200
96125418,"Directions",http://www.ocpl.org/libloc/ggc/directions,96125284,4,2,200
96125421,"Directions",http://www.ocpl.org/libloc/ggw/directions,96125285,4,2,200
96125424,"Directions",http://www.ocpl.org/libloc/heritage/directions,96125286,4,2,200
96125427,"Directions",http://www.ocpl.org/libloc/katie/directions,96125287,4,2,200
96125430,"Directions",http://www.ocpl.org/libloc/iup/directions,96125288,4,2,200
96125433,"Directions",http://www.ocpl.org/libloc/habra/directions,96125289,4,2,200
96125436,"Directions",http://www.ocpl.org/libloc/lapalma/directions,96125290,4,2,200
96125439,"Directions",http://www.ocpl.org/libloc/lr/directions,96125291,4,2,200
96125442,"Directions",http://www.ocpl.org/libloc/lbch/directions,96125292,4,2,200
96125445,"Directions",http://www.ocpl.org/libloc/lht/directions,96125293,4,2,200
96125448,"Directions",http://www.ocpl.org/libloc/ln/directions,96125294,4,2,200
96125451,"Directions",http://www.ocpl.org/libloc/lwoods/directions,96125295,4,2,200
96125454,"Directions",http://www.ocpl.org/libloc/library_of_the_canyons/directions,96125296,4,2,200
96125457,"Directions",http://www.ocpl.org/libloc/larossmoor/directions,96125297,4,2,200
96125460,"Directions",http://www.ocpl.org/libloc/rsm/directions,96125298,4,2,200
96125463,"Directions",http://www.ocpl.org/libloc/sc/directions,96125299,4,2,200
96125468,"Directions",http://www.ocpl.org/libloc/sb/directions,96125301,4,2,200
96125471,"Directions",http://www.ocpl.org/libloc/tustin/directions,96125302,4,2,200
96125474,"Directions",http://www.ocpl.org/libloc/stanton/directions,96125303,4,2,200
96125477,"Directions",http://www.ocpl.org/libloc/villapark/directions,96125304,4,2,200
96125480,"Directions",http://www.ocpl.org/libloc/westminster/directions,96125305,4,2,200
96125489,"News Details",http://www.ocpl.org/explore/details?NewsID=5204&TargetID=7,96125351,5,2,200
96125490,"Services",http://www.ocpl.org/gov/occr/lib/libserv/default.asp,96125328,5,2,200
96125921,"Borrowing Privileges",http://www.ocpl.org/gov/occr/lib/libserv/about/brrowingpriv.asp,96125909,7,2,200
96125922,"CEDS",http://www.ocpl.org/gov/occr/occs/cid/wib/ceds.asp,96125657,7,2,200
96125963,"Tutor Portal",http://www.readoc.org/tutor,96125961,3,2,200
96125970,"Online Discussion",http://www.readoc.org/tutor/chat,96125963,4,2,200
96125973,"Online Discussion",http://www.readoc.org/learner/chat,96125966,4,2,200
96125975,"Become a Learner",http://www.readoc.org/involved/learner,96125967,4,2,200
96125981,"Calendar of Events",http://www.readoc.org/calendar?CalDate=7%2F9%2F2019&EventDateID=387170&ViewBy=7,96125971,5,2,200
96241256,"wifiprinting",http://www.ocpl.org/services/wireless_printing/wifiprinting,96241254,4,2,200
96241277,"Play",http://www.ocpl.org/gov/occr/lib/children/play/default.asp,96241274,6,2,200
96241279,"Crafts",http://www.ocpl.org/gov/occr/lib/children/play/crafts.asp,96241277,7,2,200
96241287,"California",http://www.ocpl.org/gov/occr/lib/children/learn/california.asp,96241285,7,2,200
96125241,"Teens",http://www.ocpl.org/teens,96125238,2,3,200
96125255,"Jobseeker Resources",http://www.ocpl.org/elib/jobseeker_resources,96125239,3,3,200
96125261,"Learn",http://www.ocpl.org/kids/learn,96125240,3,3,200
96125275,"Costa Mesa - Donald Dungan",http://www.ocpl.org/libloc/cmdd,96125242,3,3,200
96125314,"Public Records Request",http://www.ocpl.org/services/public_records_request,96125243,3,3,200
96125336,"Interlibrary Loan Services",http://www.ocpl.org/services/about/interlibln,96125312,4,3,200
96125355,"Genealogy Reads",http://www.ocpl.org/elib/genealogy/genealogy_reads,96125254,4,3,200
96125356,"Coloring Sheets",http://www.ocpl.org/kids/play/coloring,96125260,4,3,200
96125370,"Biography",http://www.ocpl.org/kids/learn/biography,96125261,4,3,200
96125385,"Teachers",http://www.ocpl.org/kids/grownups/teachers,96125262,4,3,200
96125491,"News Details",http://www.ocpl.org/explore/details?NewsID=5199&TargetID=7,96125351,5,3,200
96125923,"Interlibrary Loan Services",http://www.ocpl.org/gov/occr/lib/libserv/about/interlibln.asp,96125909,7,3,200
96125924,"About OCDB",http://www.ocpl.org/gov/occr/occs/cid/wib/about/default.asp,96125657,7,3,200
96125964,"Contact Us",http://www.readoc.org/contact,96125961,3,3,200
96241280,"Coloring Sheets",http://www.ocpl.org/gov/occr/lib/children/play/coloring.asp,96241277,7,3,200
96241285,"Learn",http://www.ocpl.org/gov/occr/lib/children/learn/default.asp,96241274,6,3,200
96241288,"Animals",http://www.ocpl.org/gov/occr/lib/children/learn/animals.asp,96241285,7,3,200
96125242,"Libraries",http://www.ocpl.org/libloc,96125238,2,4,200
96125256,"Ancestry Library Edition",http://www.ocpl.org/elib/ancestry_library_edition,96125239,3,4,200
96125262,"Grown Ups",http://www.ocpl.org/kids/grownups,96125240,3,4,200
96125276,"Costa Mesa - Mesa Verde",http://www.ocpl.org/libloc/mesaverde,96125242,3,4,200
96125337,"Propose a Program",http://www.ocpl.org/services/about/propose_a_program,96125312,4,4,200
96125358,"Local Organizations",http://www.ocpl.org/elib/genealogy/local_organizations,96125254,4,4,200
96125359,"Jokes",http://www.ocpl.org/kids/play/jokes,96125260,4,4,200
96125372,"California",http://www.ocpl.org/kids/learn/california,96125261,4,4,200
96125387,"Get Outside!",http://www.ocpl.org/kids/grownups/get_outside!,96125262,4,4,200
96125493,"News Details",http://www.ocpl.org/explore/details?NewsID=5123&TargetID=7,96125351,5,4,200
96125925,"Employment Opportunities",http://www.ocpl.org/gov/occr/lib/libserv/about/employment.asp,96125909,7,4,200
96125965,"Calendar of Events",http://www.readoc.org/calendar,96125961,3,4,200
96241281,"Jokes",http://www.ocpl.org/gov/occr/lib/children/play/jokes.asp,96241277,7,4,200
96241289,"Science",http://www.ocpl.org/gov/occr/lib/children/learn/science.asp,96241285,7,4,200
96241296,"Grown Ups",http://www.ocpl.org/gov/occr/lib/children/grownups/default.asp,96241274,6,4,200
96125243,"Services",http://www.ocpl.org/services,96125238,2,5,200
96125257,"Digital Newspapers",http://www.ocpl.org/elib/digital_newspapers,96125239,3,5,200
96125263,"Summer Reading Challenge",http://www.ocpl.org/kids/sumreadingchallenge,96125240,3,5,200
96125277,"Costa Mesa Technology",http://www.ocpl.org/libloc/cmt,96125242,3,5,200
96125338,"How to Market Your Book to OC Public Libraries",http://www.ocpl.org/services/about/marketbk,96125312,4,5,200
96125360,"Tips",http://www.ocpl.org/elib/genealogy/tips,96125254,4,5,200
96125361,"Science Fun",http://www.ocpl.org/kids/play/scifun,96125260,4,5,200
96125373,"Encyclopedias & Dictionaries",http://www.ocpl.org/kids/learn/encyc,96125261,4,5,200
96125495,"News Details",http://www.ocpl.org/explore/details?NewsID=5041&TargetID=7,96125351,5,5,200
96125926,"Code of Conduct",http://www.ocpl.org/gov/occr/lib/libserv/about/coc.asp,96125909,7,5,200
96125966,"Learner Portal",http://www.readoc.org/learner,96125961,3,5,200
96241252,"Support Your Library",http://www.ocpl.org/services/support,96125243,3,5,200
96241282,"Science Fun",http://www.ocpl.org/gov/occr/lib/children/play/scifun.asp,96241277,7,5,200
96241290,"Math",http://www.ocpl.org/gov/occr/lib/children/learn/math.asp,96241285,7,5,200
96125258,"Online Training - Lynda.com",http://www.ocpl.org/elib/online_training___lyndacom,96125239,3,6,200
96125278,"Cypress",http://www.ocpl.org/libloc/cyp,96125242,3,6,200
96125339,"Employment",http://www.ocpl.org/services/about/employment,96125312,4,6,200
96125362,"Obituaries",http://www.ocpl.org/elib/genealogy/obituaries,96125254,4,6,200
96125363,"Cooking",http://www.ocpl.org/kids/play/cooking,96125260,4,6,200
96125374,"Language Arts",http://www.ocpl.org/kids/learn/language,96125261,4,6,200
96125497,"News Details",http://www.ocpl.org/explore/details?NewsID=4989&TargetID=7,96125351,5,6,200
96125927,"Internet Policy",http://www.ocpl.org/gov/occr/lib/libserv/about/webpolicy.asp,96125909,7,6,200
96125967,"Get Involved",http://www.readoc.org/involved,96125961,3,6,200
96241254,"Wireless Printing",http://www.ocpl.org/services/wireless_printing,96125243,3,6,200
96241283,"Cooking",http://www.ocpl.org/gov/occr/lib/children/play/cooking.asp,96241277,7,6,200
96241291,"Biography",http://www.ocpl.org/gov/occr/lib/children/learn/biography.asp,96241285,7,6,200
96125245,"Explore",http://www.ocpl.org/explore,96125238,2,7,200
96125279,"Dana Point",http://www.ocpl.org/libloc/dana,96125242,3,7,200
96125340,"Code of Conduct",http://www.ocpl.org/services/about/coc,96125312,4,7,200
96125364,"Contact Us",http://www.ocpl.org/elib/genealogy/contact_us,96125254,4,7,200
96125365,"Get Outside",http://www.ocpl.org/kids/play/outside,96125260,4,7,200
96125375,"Math",http://www.ocpl.org/kids/learn/math,96125261,4,7,200
96125498,"News Details",http://www.ocpl.org/explore/details?NewsID=4859&TargetID=7,96125351,5,7,200
96125928,"Internet Workstation Use Policy",http://www.ocpl.org/gov/occr/lib/libserv/about/workstation.asp,96125909,7,7,200
96125968,"Reports & Forms",http://www.readoc.org/rptsforms,96125961,3,7,200
96240934,"NYTimes",http://www.ocpl.org/elib/nytimes,96125239,3,7,200
96241274,"Kids",http://www.ocpl.org/gov/occr/lib/children/default.asp,96125328,5,7,200
96241284,"Get Outside",http://www.ocpl.org/gov/occr/lib/children/play/outside.asp,96241277,7,7,200
96241292,"Language Arts",http://www.ocpl.org/gov/occr/lib/children/learn/language.asp,96241285,7,7,200
96125280,"El Toro",http://www.ocpl.org/libloc/eltoro,96125242,3,8,200
96125341,"Internet Policy",http://www.ocpl.org/services/about/webpolicy,96125312,4,8,200
96125376,"Science",http://www.ocpl.org/kids/learn/science,96125261,4,8,200
96125499,"News Details",http://www.ocpl.org/explore/details?NewsID=4700&TargetID=7,96125351,5,8,200
96125929,"Materials Selection Policy",http://www.ocpl.org/gov/occr/lib/libserv/about/selectpol.asp,96125909,7,8,200
96240935,"OC Stories - Contact Us",http://www.ocpl.org/elib/oc_stories___contact_us,96125239,3,8,200
96241293,"Arts",http://www.ocpl.org/gov/occr/lib/children/learn/arts.asp,96241285,7,8,200
96125247,"FAQ",http://www.ocpl.org/faq,96125238,2,9,200
96125281,"Foothill Ranch",http://www.ocpl.org/libloc/fr,96125242,3,9,200
96125342,"Internet Workstation Use Policy",http://www.ocpl.org/services/about/workstation,96125312,4,9,200
96125377,"Social Studies",http://www.ocpl.org/kids/learn/ss,96125261,4,9,200
96125500,"News Details",http://www.ocpl.org/explore/details?NewsID=4374&TargetID=7,96125351,5,9,200
96125930,"Ways to Show You Care",http://www.ocpl.org/gov/occr/lib/libserv/about/care.asp,96125909,7,9,200
96241294,"Sports",http://www.ocpl.org/gov/occr/lib/children/learn/sports.asp,96241285,7,9,200
96125282,"Fountain Valley",http://www.ocpl.org/libloc/fv,96125242,3,10,200
96125343,"Materials Selection Policy",http://www.ocpl.org/services/about/selectpol,96125312,4,10,200
96125378,"Sports",http://www.ocpl.org/kids/learn/sports,96125261,4,10,200
96125501,"News Details",http://www.ocpl.org/explore/details?NewsID=4307&TargetID=7,96125351,5,10,200
96125931,"Holiday Schedule",http://www.ocpl.org/gov/occr/lib/libserv/about/holiday_schedule.asp,96125909,7,10,200
96241295,"Encyclopedias & Dictionaries",http://www.ocpl.org/gov/occr/lib/children/learn/encyc.asp,96241285,7,10,200
96241298,"Read",http://www.ocpl.org/teens/read,96125241,3,10,200
96125249,"Acjachemen",http://www.ocpl.org/acjachemen,96125238,2,11,200
96125283,"Garden Grove Main",http://www.ocpl.org/libloc/ggr,96125242,3,11,200
96125344,"Ways to Show You Care",http://www.ocpl.org/services/about/care,96125312,4,11,200
96125502,"News Details",http://www.ocpl.org/explore/details?NewsID=4289&TargetID=7,96125351,5,11,200
96241299,"Research",http://www.ocpl.org/teens/research,96125241,3,11,200
96125284,"Garden Grove Chapman",http://www.ocpl.org/libloc/ggc,96125242,3,12,200
96125345,"Holiday Schedule",http://www.ocpl.org/services/about/holiday_schedule,96125312,4,12,200
96125503,"News Details",http://www.ocpl.org/explore/details?NewsID=3647&TargetID=7,96125351,5,12,200
96241300,"Get Involved",http://www.ocpl.org/teens/get_involved,96125241,3,12,200
96125285,"Garden Grove – Tibor Rubin",http://www.ocpl.org/libloc/ggw,96125242,3,13,200
96125346,"Materials for Your Use",http://www.ocpl.org/services/about/materials,96125312,4,13,200
96125504,"News Details",http://www.ocpl.org/explore/details?NewsID=4272&TargetID=7,96125351,5,13,200
96241301,"College & Careers",http://www.ocpl.org/teens/college,96125241,3,13,200
96125286,"Irvine Heritage Park",http://www.ocpl.org/libloc/heritage,96125242,3,14,200
96125347,"Propose A Program Form",http://www.ocpl.org/services/about/form,96125312,4,14,200
96125505,"News Details",http://www.ocpl.org/explore/details?NewsID=4258&TargetID=7,96125351,5,14,200
96125287,"Irvine Katie Wheeler",http://www.ocpl.org/libloc/katie,96125242,3,15,200
96125506,"News Details",http://www.ocpl.org/explore/details?NewsID=3646&TargetID=7,96125351,5,15,200
96125288,"Irvine University Park",http://www.ocpl.org/libloc/iup,96125242,3,16,200
96125507,"News Details",http://www.ocpl.org/explore/details?NewsID=3645&TargetID=7,96125351,5,16,200
96241302,"Explore OC",http://www.ocpl.org/explore_oc,96125238,2,16,200
96125289,"La Habra",http://www.ocpl.org/libloc/habra,96125242,3,17,200
96125508,"News Details",http://www.ocpl.org/explore/details?NewsID=4026&TargetID=7,96125351,5,17,200
96125290,"La Palma",http://www.ocpl.org/libloc/lapalma,96125242,3,18,200
96125509,"News Details",http://www.ocpl.org/explore/details?NewsID=3644&TargetID=7,96125351,5,18,200
96125291,"Ladera Ranch",http://www.ocpl.org/libloc/lr,96125242,3,19,200
96125510,"News Details",http://www.ocpl.org/explore/details?NewsID=3999&TargetID=7,96125351,5,19,200
96125292,"Laguna Beach",http://www.ocpl.org/libloc/lbch,96125242,3,20,200
96125511,"News Details",http://www.ocpl.org/explore/details?NewsID=3643&TargetID=7,96125351,5,20,200
96125293,"Laguna Hills Technology",http://www.ocpl.org/libloc/lht,96125242,3,21,200
96125512,"News Details",http://www.ocpl.org/explore/details?NewsID=3642&TargetID=7,96125351,5,21,200
96125294,"Laguna Niguel",http://www.ocpl.org/libloc/ln,96125242,3,22,200
96125513,"News Details",http://www.ocpl.org/explore/details?NewsID=3917&TargetID=7,96125351,5,22,200
96125295,"Laguna Woods",http://www.ocpl.org/libloc/lwoods,96125242,3,23,200
96125514,"News Details",http://www.ocpl.org/explore/details?NewsID=3641&TargetID=7,96125351,5,23,200
96125296,"Library of the Canyons",http://www.ocpl.org/libloc/library_of_the_canyons,96125242,3,24,200
96125515,"News Details",http://www.ocpl.org/explore/details?NewsID=3833&TargetID=7,96125351,5,24,200
96125297,"Los Alamitos - Rossmoor",http://www.ocpl.org/libloc/larossmoor,96125242,3,25,200
96125516,"News Details",http://www.ocpl.org/explore/details?NewsID=3640&TargetID=7,96125351,5,25,200
96125298,"Rancho Santa Margarita",http://www.ocpl.org/libloc/rsm,96125242,3,26,200
96125517,"News Details",http://www.ocpl.org/explore/details?NewsID=3639&TargetID=7,96125351,5,26,200
96125299,"San Clemente",http://www.ocpl.org/libloc/sc,96125242,3,27,200
96125518,"News Details",http://www.ocpl.org/explore/details?NewsID=3762&TargetID=7,96125351,5,27,200
96125300,"San Juan Capistrano",http://www.ocpl.org/libloc/sjc,96125242,3,28,200
96125519,"News Details",http://www.ocpl.org/explore/details?NewsID=3638&TargetID=7,96125351,5,28,200
96125301,"Seal Beach",http://www.ocpl.org/libloc/sb,96125242,3,29,200
96125520,"News Details",http://www.ocpl.org/explore/details?NewsID=3637&TargetID=7,96125351,5,29,200
96125302,"Tustin",http://www.ocpl.org/libloc/tustin/,96125242,3,30,200
96125521,"News Details",http://www.ocpl.org/explore/details?NewsID=3628&TargetID=7,96125351,5,30,200
96125303,"Stanton",http://www.ocpl.org/libloc/stanton,96125242,3,31,200
96125522,"News Details",http://www.ocpl.org/explore/details?NewsID=3549&TargetID=7,96125351,5,31,200
96125304,"Villa Park",http://www.ocpl.org/libloc/villapark,96125242,3,32,200
96125523,"News Details",http://www.ocpl.org/explore/details?NewsID=3512&TargetID=7,96125351,5,32,200
96125305,"Westminster",http://www.ocpl.org/libloc/westminster,96125242,3,33,200
96125524,"News Details",http://www.ocpl.org/explore/details?NewsID=3488&TargetID=7,96125351,5,33,200
96125306,"Administration",http://www.ocpl.org/libloc/admin,96125242,3,34,200
96125525,"News Details",http://www.ocpl.org/explore/details?NewsID=3478&TargetID=7,96125351,5,34,200
96125307,"Tax Forms",http://www.ocpl.org/libloc/tax_forms,96125242,3,35,200
96125526,"News Details",http://www.ocpl.org/explore/details?NewsID=3420&TargetID=7,96125351,5,35,200
96125308,"Covered CA",http://www.ocpl.org/libloc/covered_ca,96125242,3,36,200
96125527,"News Details",http://www.ocpl.org/explore/details?NewsID=3421&TargetID=7,96125351,5,36,200
96125309,"Libraries",http://www.ocpl.org/libloc/libraries,96125242,3,37,200
96125528,"News Details",http://www.ocpl.org/explore/details?NewsID=3386&TargetID=7,96125351,5,37,200
96125310,"How to Get a Library Card",http://www.ocpl.org/libloc/how_to_get_a_library_card,96125242,3,38,200
96125529,"News Details",http://www.ocpl.org/explore/details?NewsID=3368&TargetID=7,96125351,5,38,200
96125311,"Libraries",http://www.ocpl.org/libloc?location=33&subCat=200,96125242,3,39,200
96125530,"News Details",http://www.ocpl.org/explore/details?NewsID=3358&TargetID=7,96125351,5,39,200
96125531,"News Details",http://www.ocpl.org/explore/details?NewsID=3345&TargetID=7,96125351,5,40,200
96125532,"News Details",http://www.ocpl.org/explore/details?NewsID=3338&TargetID=7,96125351,5,41,200
96125533,"News Details",http://www.ocpl.org/explore/details?NewsID=3321&TargetID=7,96125351,5,42,200
96125534,"News Details",http://www.ocpl.org/explore/details?NewsID=3314&TargetID=7,96125351,5,43,200
96125535,"News Details",http://www.ocpl.org/explore/details?NewsID=3269&TargetID=7,96125351,5,44,200
96125536,"News Details",http://www.ocpl.org/explore/details?NewsID=3264&TargetID=7,96125351,5,45,200
96125537,"News Details",http://www.ocpl.org/explore/details?NewsID=3263&TargetID=7,96125351,5,46,200
96125538,"News Details",http://www.ocpl.org/explore/details?NewsID=3197&TargetID=7,96125351,5,47,200
96125539,"News Details",http://www.ocpl.org/explore/details?NewsID=3187&TargetID=7,96125351,5,48,200
96125540,"News Details",http://www.ocpl.org/explore/details?NewsID=3178&TargetID=7,96125351,5,49,200
96125541,"News Details",http://www.ocpl.org/explore/details?NewsID=3169&TargetID=7,96125351,5,50,200
96125542,"News Details",http://www.ocpl.org/explore/details?NewsID=3062&TargetID=7,96125351,5,51,200
96125543,"News Details",http://www.ocpl.org/explore/details?NewsID=3123&TargetID=7,96125351,5,52,200
96125544,"News Details",http://www.ocpl.org/explore/details?NewsID=3088&TargetID=7,96125351,5,53,200
96125545,"News Details",http://www.ocpl.org/explore/details?NewsID=3047&TargetID=7,96125351,5,54,200
96125546,"News Details",http://www.ocpl.org/explore/details?NewsID=2960&TargetID=7,96125351,5,55,200
96125547,"News Details",http://www.ocpl.org/explore/details?NewsID=2925&TargetID=7,96125351,5,56,200
96125548,"News Details",http://www.ocpl.org/explore/details?NewsID=2928&TargetID=7,96125351,5,57,200
96125549,"News Details",http://www.ocpl.org/explore/details?NewsID=2883&TargetID=7,96125351,5,58,200
96125550,"News Details",http://www.ocpl.org/explore/details?NewsID=2876&TargetID=7,96125351,5,59,200
96125551,"News Details",http://www.ocpl.org/explore/details?NewsID=2815&TargetID=7,96125351,5,60,200
96125552,"News Details",http://www.ocpl.org/explore/details?NewsID=2806&TargetID=7,96125351,5,61,200
96125553,"News Details",http://www.ocpl.org/explore/details?NewsID=2763&TargetID=7,96125351,5,62,200
96125554,"News Details",http://www.ocpl.org/explore/details?NewsID=2692&TargetID=7,96125351,5,63,200
96125555,"News Details",http://www.ocpl.org/explore/details?NewsID=2686&TargetID=7,96125351,5,64,200
96125556,"News Details",http://www.ocpl.org/explore/details?NewsID=2618&TargetID=7,96125351,5,65,200
96125557,"News Details",http://www.ocpl.org/explore/details?NewsID=1753&TargetID=7,96125351,5,66,200
96125558,"News Details",http://www.ocpl.org/explore/details?NewsID=2556&TargetID=7,96125351,5,67,200
96125559,"News Details",http://www.ocpl.org/explore/details?NewsID=2516&TargetID=7,96125351,5,68,200
96125560,"News Details",http://www.ocpl.org/explore/details?NewsID=2507&TargetID=7,96125351,5,69,200
96125561,"News Details",http://www.ocpl.org/explore/details?NewsID=2501&TargetID=7,96125351,5,70,200
96125562,"News Details",http://www.ocpl.org/explore/details?NewsID=2490&TargetID=7,96125351,5,71,200
96125563,"News Details",http://www.ocpl.org/explore/details?NewsID=2478&TargetID=7,96125351,5,72,200
96125564,"News Details",http://www.ocpl.org/explore/details?NewsID=2455&TargetID=7,96125351,5,73,200
96125565,"News Details",http://www.ocpl.org/explore/details?NewsID=2435&TargetID=7,96125351,5,74,200
96125566,"News Details",http://www.ocpl.org/explore/details?NewsID=2262&TargetID=7,96125351,5,75,200
96125567,"News Details",http://www.ocpl.org/explore/details?NewsID=2397&TargetID=7,96125351,5,76,200
96125568,"News Details",http://www.ocpl.org/explore/details?NewsID=2378&TargetID=7,96125351,5,77,200
96125569,"News Details",http://www.ocpl.org/explore/details?NewsID=2342&TargetID=7,96125351,5,78,200
96125570,"News Details",http://www.ocpl.org/explore/details?NewsID=2337&TargetID=7,96125351,5,79,200
96125571,"News Details",http://www.ocpl.org/explore/details?NewsID=2267&TargetID=7,96125351,5,80,200
96125572,"News Details",http://www.ocpl.org/explore/details?NewsID=2204&TargetID=7,96125351,5,81,200
96125573,"News Details",http://www.ocpl.org/explore/details?NewsID=1436&TargetID=7,96125351,5,82,200
96125574,"News Details",http://www.ocpl.org/explore/details?NewsID=2191&TargetID=7,96125351,5,83,200
96125575,"News Details",http://www.ocpl.org/explore/details?NewsID=2009&TargetID=7,96125351,5,84,200
96125576,"News Details",http://www.ocpl.org/explore/details?NewsID=2115&TargetID=7,96125351,5,85,200
96125577,"News Details",http://www.ocpl.org/explore/details?NewsID=2098&TargetID=7,96125351,5,86,200
96125578,"News Details",http://www.ocpl.org/explore/details?NewsID=2100&TargetID=7,96125351,5,87,200
96125579,"News Details",http://www.ocpl.org/explore/details?NewsID=1983&TargetID=7,96125351,5,88,200
96125580,"News Details",http://www.ocpl.org/explore/details?NewsID=1973&TargetID=7,96125351,5,89,200
96125581,"News Details",http://www.ocpl.org/explore/details?NewsID=1974&TargetID=7,96125351,5,90,200
96125582,"News Details",http://www.ocpl.org/explore/details?NewsID=1710&TargetID=7,96125351,5,91,200
96125583,"News Details",http://www.ocpl.org/explore/details?NewsID=1699&TargetID=7,96125351,5,92,200
96125584,"News Details",http://www.ocpl.org/explore/details?NewsID=1617&TargetID=7,96125351,5,93,200
96125585,"News Details",http://www.ocpl.org/explore/details?NewsID=1584&TargetID=7,96125351,5,94,200
96125586,"News Details",http://www.ocpl.org/explore/details?NewsID=1598&TargetID=7,96125351,5,95,200
96125587,"News Details",http://www.ocpl.org/explore/details?NewsID=1433&TargetID=7,96125351,5,96,200
96125588,"News Details",http://www.ocpl.org/explore/details?NewsID=1412&TargetID=7,96125351,5,97,200
96125589,"News Details",http://www.ocpl.org/explore/details?NewsID=1407&TargetID=7,96125351,5,98,200
96125590,"News Details",http://www.ocpl.org/explore/details?NewsID=1294&TargetID=7,96125351,5,99,200
96241259,"News Details",http://www.ocpl.org/explore/details?NewsID=6035&TargetID=7,96125351,5,100,200
96241260,"News Details",http://www.ocpl.org/explore/details?NewsID=5998&TargetID=7,96125351,5,101,200
96241261,"News Details",http://www.ocpl.org/explore/details?NewsID=5940&TargetID=7,96125351,5,102,200
